Date,Field,Active_Wells,Investment_k$,Reservoir_Pressure_psi,Temperature_C,Production_Barrels
2020-01-01,Zubair,14,226.03,3972.7,44.73,34506
2020-01-02,West Qurna,6,172.83,3432.02,33.11,21653
2020-01-03,Kirkuk,10,264.5,3338.78,32.93,24041
2020-01-04,Zubair,10,69.97,3442.36,21.59,13771
2020-01-05,Zubair,7,433.49,3299.01,32.25,25893
2020-01-06,West Qurna,15,65.94,3452.63,52.53,22691
2020-01-07,Kirkuk,6,198.07,3174.76,33.27,16735
2020-01-08,Kirkuk,16,469.22,2827.66,49.1,37478
2020-01-09,Zubair,5,380.85,2680.37,49.48,21346
2020-01-10,Rumaila,10,176.63,2602.51,33.06,25998
2020-01-11,Zubair,16,163.69,2894.97,42.12,29469
2020-01-12,Zubair,9,52.29,2569.19,23.34,20874
2020-01-13,Zubair,18,363.07,3350.76,23.63,41242
2020-01-14,Zubair,18,71.95,2925.74,21.7,23109
2020-01-15,West Qurna,15,289.67,3736.8,40.34,32457
2020-01-16,Kirkuk,13,482.95,2611.36,34.91,31933
2020-01-17,West Qurna,5,99.26,2839.53,39.18,4099
2020-01-18,West Qurna,19,452.52,3595.37,38.24,46901
2020-01-19,West Qurna,19,496.16,3398.21,32.26,41462
2020-01-20,Zubair,11,77.68,2596.74,43.71,15520
2020-01-21,Rumaila,19,447.31,3815.86,46.55,50094
2020-01-22,Kirkuk,9,282.24,3815.89,20.51,23717
2020-01-23,Rumaila,9,457.93,2995.61,27.25,43218
2020-01-24,West Qurna,18,307.09,3010.61,44.96,29184
2020-01-25,West Qurna,6,347.95,3983.54,33.53,32393
2020-01-26,Rumaila,15,294.7,3439.26,43.19,33981
2020-01-27,Rumaila,7,439.02,3296.97,32.14,36948
2020-01-28,Rumaila,11,380.26,3757.23,33.68,27793
2020-01-29,West Qurna,10,284.57,2927.94,25.55,36881
2020-01-30,West Qurna,16,440.67,3143.77,29.04,38800
2020-01-31,Kirkuk,6,160.38,2901.67,41.19,17971
2020-02-01,Kirkuk,10,120.8,3683.74,35.16,26359
2020-02-02,West Qurna,6,122.18,3360.02,47.1,10853
2020-02-03,Rumaila,6,200.3,3488.24,49.84,22213
2020-02-04,Rumaila,6,157.41,2878.46,38.96,10580
2020-02-05,Kirkuk,18,468.54,2830.34,46.54,48607
2020-02-06,West Qurna,19,97.63,3232.56,30.74,21956
2020-02-07,Kirkuk,15,364.55,3606.35,34.52,36303
2020-02-08,Kirkuk,7,135.15,3287.86,44.95,16903
2020-02-09,Zubair,19,446.74,2548.97,33.52,45000
2020-02-10,Zubair,6,482.59,3802.83,40.6,43263
2020-02-11,Zubair,8,259.46,2597.03,26.49,18810
2020-02-12,Rumaila,13,445.58,3933.74,40.99,44644
2020-02-13,West Qurna,10,52.32,2537.71,50.15,21676
2020-02-14,West Qurna,5,418.98,3541.68,50.4,28990
2020-02-15,West Qurna,12,152.88,2623.31,45.35,16503
2020-02-16,West Qurna,19,458.92,3866.01,46.1,36611
2020-02-17,Zubair,16,50.5,3196.65,39.53,29446
2020-02-18,Rumaila,18,300.28,2706.29,40.46,31797
2020-02-19,Rumaila,11,390.49,3011.22,24.68,26911
2020-02-20,Zubair,14,166.41,2747.24,35.54,15804
2020-02-21,Rumaila,7,136.91,2755.87,35.78,9124
2020-02-22,Zubair,5,87.84,3922.16,53.55,17251
2020-02-23,West Qurna,9,196.9,3167.87,35.09,25685
2020-02-24,Zubair,17,301.93,3683.2,39.23,38330
2020-02-25,West Qurna,8,102.13,3459.41,38.66,16086
2020-02-26,West Qurna,14,219.51,3514.64,42.29,21123
2020-02-27,Kirkuk,12,54.08,2697.54,46.19,10861
2020-02-28,Zubair,5,418.41,2851.28,27.88,21205
2020-02-29,Kirkuk,14,107.8,3680.13,38.51,25239
2020-03-01,Zubair,5,177.5,3956.15,48.91,12060
2020-03-02,Zubair,16,58.29,2894.01,36.21,16039
2020-03-03,Kirkuk,8,244.51,2907.35,29.75,20238
2020-03-04,Kirkuk,12,428.05,3209.35,42.91,26494
2020-03-05,Zubair,9,226.47,3975.76,48.83,24120
2020-03-06,Rumaila,6,130.77,2903.44,22.21,13147
2020-03-07,West Qurna,10,389.16,3110.46,47.19,36395
2020-03-08,Kirkuk,9,404.96,3837.22,48.76,28298
2020-03-09,West Qurna,6,128.19,2504.38,36.15,5442
2020-03-10,Rumaila,17,396.88,2559.65,54.42,34120
2020-03-11,Rumaila,18,476.28,3406.11,47.53,38216
2020-03-12,Rumaila,15,124.87,3861.07,47.08,24710
2020-03-13,Kirkuk,15,396.94,2858.28,46.17,25837
2020-03-14,Rumaila,15,368.86,3204.46,25.27,32371
2020-03-15,Kirkuk,7,263.11,3175.7,27.6,17313
2020-03-16,Rumaila,19,76.06,3209.46,36.24,27283
2020-03-17,West Qurna,13,83.61,3433.78,29.24,15652
2020-03-18,West Qurna,11,433.59,3204.62,34.53,25677
2020-03-19,Zubair,11,495.57,3171.2,51.1,35850
2020-03-20,West Qurna,19,354.22,3211.43,48.85,39579
2020-03-21,Zubair,15,250.68,3386.3,42.05,28175
2020-03-22,West Qurna,10,341.41,3305.51,50.03,25529
2020-03-23,Kirkuk,12,317.48,3781.2,47.43,27537
2020-03-24,West Qurna,8,222.63,2574.25,35.01,19468
2020-03-25,Zubair,12,79.53,3749.98,27.04,15068
2020-03-26,Zubair,8,419.68,3765.89,38.0,30599
2020-03-27,Rumaila,12,217.33,2927.36,45.77,27128
2020-03-28,Kirkuk,13,418.45,3194.28,35.27,29041
2020-03-29,West Qurna,7,163.63,3157.81,43.34,16236
2020-03-30,Rumaila,7,50.46,2827.76,23.3,1462
2020-03-31,West Qurna,15,121.52,3095.2,46.18,23216
2020-04-01,West Qurna,17,260.84,2566.58,48.44,24494
2020-04-02,Rumaila,6,474.94,2916.73,44.74,35353
2020-04-03,Rumaila,17,95.99,3725.02,53.85,17074
2020-04-04,Rumaila,14,434.39,2926.84,48.93,38343
2020-04-05,Rumaila,7,287.16,3727.31,51.61,30197
2020-04-06,Rumaila,7,421.66,3297.4,52.67,24342
2020-04-07,West Qurna,9,184.27,3819.79,48.05,17022
2020-04-08,Rumaila,9,427.98,3362.17,43.6,27556
2020-04-09,Kirkuk,6,397.77,2544.5,20.2,23587
2020-04-10,Zubair,16,153.52,3513.13,36.3,28814
2020-04-11,Rumaila,14,109.1,2567.28,39.99,16220
2020-04-12,Rumaila,17,440.62,3175.9,30.64,35135
2020-04-13,West Qurna,10,483.46,3894.14,31.13,27927
2020-04-14,Rumaila,9,64.09,2747.81,53.64,19948
2020-04-15,Rumaila,10,379.07,3084.81,51.21,38174
2020-04-16,Rumaila,5,459.29,3594.79,49.72,33158
2020-04-17,West Qurna,9,435.81,3823.39,34.21,30283
2020-04-18,Rumaila,13,484.03,3506.41,20.48,43945
2020-04-19,Zubair,16,392.04,2887.26,22.81,41423
2020-04-20,West Qurna,14,249.03,3511.91,30.93,27888
2020-04-21,Zubair,18,190.38,2945.09,20.55,29045
2020-04-22,West Qurna,6,194.33,3577.64,20.6,25090
2020-04-23,Rumaila,5,375.99,3931.05,52.08,18928
2020-04-24,Zubair,18,385.63,3582.09,44.72,44778
2020-04-25,West Qurna,14,140.16,3794.32,30.81,23021
2020-04-26,Kirkuk,17,440.66,2503.16,24.64,33340
2020-04-27,Rumaila,15,371.72,3576.36,37.91,31126
2020-04-28,West Qurna,13,303.24,3744.38,20.19,27566
2020-04-29,Kirkuk,14,262.19,2560.84,52.84,20256
2020-04-30,West Qurna,13,294.45,3807.4,34.52,40066
2020-05-01,Kirkuk,19,121.66,2885.04,34.08,28272
2020-05-02,Rumaila,13,141.67,3497.94,33.67,27989
2020-05-03,Zubair,10,91.02,3700.53,22.43,20892
2020-05-04,Kirkuk,19,119.15,3494.0,42.34,27575
2020-05-05,West Qurna,12,254.16,2638.43,45.66,24728
2020-05-06,Rumaila,18,288.66,3394.48,43.66,32419
2020-05-07,Kirkuk,15,58.04,3324.38,24.85,18651
2020-05-08,West Qurna,19,408.56,3850.48,40.26,35831
2020-05-09,West Qurna,17,182.38,3106.36,39.93,32749
2020-05-10,West Qurna,5,460.33,2981.62,50.39,19483
2020-05-11,Kirkuk,14,485.38,3624.78,33.27,35952
2020-05-12,Kirkuk,8,133.46,3119.01,33.0,26200
2020-05-13,Kirkuk,5,257.94,3469.14,41.65,20836
2020-05-14,Zubair,12,50.55,3469.68,42.16,17661
2020-05-15,Kirkuk,5,319.25,3832.06,36.42,27652
2020-05-16,Kirkuk,7,323.29,3398.04,35.51,17692
2020-05-17,Kirkuk,17,161.39,3253.23,37.3,19842
2020-05-18,Zubair,8,301.29,2708.31,50.14,20561
2020-05-19,Kirkuk,19,151.49,2673.61,36.14,22094
2020-05-20,West Qurna,19,122.37,2731.48,52.9,24451
2020-05-21,Kirkuk,19,343.18,2757.77,37.64,38831
2020-05-22,West Qurna,12,196.67,3456.82,53.22,30653
2020-05-23,West Qurna,10,315.62,3611.47,49.15,32296
2020-05-24,West Qurna,18,244.96,3294.99,32.69,27281
2020-05-25,Zubair,14,492.96,3743.53,50.23,39597
2020-05-26,Zubair,16,117.31,3986.89,23.85,22976
2020-05-27,Zubair,11,259.07,3730.02,52.38,21589
2020-05-28,Kirkuk,18,356.21,3542.32,42.11,32053
2020-05-29,West Qurna,12,228.0,3298.74,21.9,34060
2020-05-30,Zubair,6,488.61,3173.28,42.55,31827
2020-05-31,Zubair,17,374.85,2626.59,54.1,33978
2020-06-01,Kirkuk,14,345.64,3099.05,22.44,35427
2020-06-02,Zubair,18,390.68,3865.2,39.41,43716
2020-06-03,Kirkuk,15,478.69,3712.03,46.17,47380
2020-06-04,Rumaila,12,458.52,2824.08,48.36,31329
2020-06-05,Zubair,7,375.93,3199.91,34.48,29475
2020-06-06,Rumaila,11,387.12,3725.08,27.15,29261
2020-06-07,Kirkuk,7,115.66,2601.08,21.48,12091
2020-06-08,West Qurna,19,96.26,3081.09,40.29,25231
2020-06-09,Zubair,11,306.91,3777.76,35.85,30476
2020-06-10,Kirkuk,18,58.27,3105.85,53.21,22286
2020-06-11,West Qurna,15,267.06,2616.42,22.12,32648
2020-06-12,West Qurna,19,144.66,3313.8,43.99,24970
2020-06-13,Rumaila,16,205.71,3792.61,20.87,31045
2020-06-14,Kirkuk,17,399.11,3385.43,26.0,35637
2020-06-15,West Qurna,6,473.56,2839.42,35.88,44824
2020-06-16,Zubair,14,82.59,3076.36,35.92,14817
2020-06-17,Zubair,10,290.41,3175.19,44.0,22323
2020-06-18,Rumaila,7,447.14,3368.9,51.86,35421
2020-06-19,West Qurna,7,87.13,3639.03,42.37,11955
2020-06-20,Kirkuk,19,421.03,2648.31,53.37,43911
2020-06-21,Zubair,13,211.01,3834.48,50.86,27393
2020-06-22,West Qurna,11,194.94,2518.46,40.46,18173
2020-06-23,West Qurna,9,489.86,3055.08,49.18,30519
2020-06-24,Rumaila,16,140.39,2541.13,42.49,18524
2020-06-25,Zubair,14,361.94,3089.46,22.75,31821
2020-06-26,Zubair,11,419.65,3288.72,45.92,32699
2020-06-27,Kirkuk,13,68.53,3267.52,23.32,14470
2020-06-28,Zubair,5,351.67,2748.44,40.79,22159
2020-06-29,Kirkuk,11,478.2,3468.61,44.59,31607
2020-06-30,Zubair,10,105.9,2567.17,22.33,19206
2020-07-01,Rumaila,14,453.3,3642.86,28.08,44588
2020-07-02,Zubair,18,317.65,3919.97,52.05,33659
2020-07-03,Kirkuk,16,327.47,3009.65,41.57,29455
2020-07-04,Kirkuk,13,325.82,3275.86,28.62,32250
2020-07-05,Rumaila,5,184.48,3068.37,44.17,21531
2020-07-06,Zubair,17,470.84,2510.07,40.89,47379
2020-07-07,Zubair,8,476.31,3078.81,37.56,26011
2020-07-08,Rumaila,13,331.39,3687.58,54.17,37139
2020-07-09,Zubair,8,402.54,3393.98,43.92,29784
2020-07-10,Zubair,14,325.52,2651.89,33.14,30126
2020-07-11,Kirkuk,7,267.98,3770.71,48.0,25895
2020-07-12,Zubair,13,347.37,3296.63,50.96,29425
2020-07-13,Zubair,17,298.85,3762.59,24.38,41082
2020-07-14,Rumaila,6,318.86,3370.33,27.02,31463
2020-07-15,Rumaila,19,402.72,3339.53,27.57,48734
2020-07-16,West Qurna,8,266.41,2657.89,44.19,11849
2020-07-17,Kirkuk,19,68.34,2751.04,41.11,21389
2020-07-18,Zubair,10,123.8,3958.04,41.66,10238
2020-07-19,Zubair,6,247.37,2842.73,52.93,14583
2020-07-20,West Qurna,19,376.17,3966.18,47.16,29405
2020-07-21,Zubair,12,316.98,3297.87,24.48,32359
2020-07-22,Kirkuk,12,342.63,2703.68,32.16,30474
2020-07-23,West Qurna,5,265.68,2648.95,35.24,16110
2020-07-24,Kirkuk,16,327.08,2813.3,33.86,28923
2020-07-25,West Qurna,7,198.06,3888.46,43.43,21936
2020-07-26,West Qurna,14,261.58,3121.23,51.22,22949
2020-07-27,Rumaila,13,384.93,3093.15,30.71,28307
2020-07-28,Kirkuk,9,442.32,2969.81,39.32,25934
2020-07-29,Zubair,10,245.14,2720.59,47.63,21071
2020-07-30,Zubair,8,69.65,3231.78,34.57,10329
2020-07-31,Kirkuk,14,122.75,2695.07,25.88,18625
2020-08-01,Zubair,6,59.39,3753.22,36.62,14839
2020-08-02,Zubair,15,343.97,3055.6,21.93,38624
2020-08-03,Kirkuk,12,199.54,3062.21,52.98,29927
2020-08-04,West Qurna,15,294.12,3211.01,22.62,32061
2020-08-05,Kirkuk,17,271.97,3166.19,35.35,33875
2020-08-06,West Qurna,10,86.69,3992.29,38.55,19199
2020-08-07,Zubair,9,231.47,3318.07,54.49,13622
2020-08-08,Zubair,13,149.25,2632.3,25.81,18837
2020-08-09,Zubair,5,238.28,3410.32,24.01,17699
2020-08-10,Rumaila,9,141.61,2727.38,20.3,14199
2020-08-11,West Qurna,10,428.2,2546.41,25.45,31181
2020-08-12,Rumaila,9,128.39,3956.11,27.25,18473
2020-08-13,Rumaila,10,482.35,3660.31,42.07,32005
2020-08-14,Kirkuk,10,237.16,3970.16,27.69,25283
2020-08-15,Rumaila,11,430.81,3216.82,20.72,31474
2020-08-16,Kirkuk,8,332.94,3298.39,48.93,13078
2020-08-17,Kirkuk,18,380.91,2752.51,32.8,30434
2020-08-18,Rumaila,15,395.48,2870.36,32.38,35958
2020-08-19,West Qurna,18,277.18,3757.82,30.59,40774
2020-08-20,West Qurna,18,294.49,3034.28,54.14,21167
2020-08-21,West Qurna,18,281.3,3740.22,25.95,31255
2020-08-22,West Qurna,19,314.63,3563.52,51.44,39136
2020-08-23,West Qurna,12,63.23,2765.76,47.19,19534
2020-08-24,Rumaila,11,227.98,3261.17,22.68,22502
2020-08-25,Rumaila,13,322.78,3516.08,54.54,27738
2020-08-26,Zubair,11,318.98,2852.56,29.5,33820
2020-08-27,West Qurna,7,406.83,3746.03,23.45,34957
2020-08-28,Rumaila,7,344.75,3317.24,49.03,30112
2020-08-29,Zubair,19,496.46,2747.86,44.73,41484
2020-08-30,West Qurna,12,177.73,3374.48,41.6,28431
2020-08-31,Kirkuk,9,211.62,3999.57,25.46,14190
2020-09-01,Zubair,8,222.73,2725.78,36.75,24968
2020-09-02,Rumaila,12,259.62,3725.14,47.32,27504
2020-09-03,Kirkuk,19,426.2,2810.96,30.63,41569
2020-09-04,Kirkuk,10,156.11,3673.58,30.91,16273
2020-09-05,Kirkuk,6,399.2,3601.87,20.11,20192
2020-09-06,Zubair,8,232.39,2950.73,26.1,21327
2020-09-07,Rumaila,16,320.83,2988.73,50.64,35346
2020-09-08,Kirkuk,15,334.64,3688.78,35.46,38348
2020-09-09,West Qurna,8,217.78,3192.17,54.45,22906
2020-09-10,Kirkuk,19,280.68,3596.23,33.85,37748
2020-09-11,Kirkuk,10,235.86,2721.98,45.03,17089
2020-09-12,Zubair,10,81.11,3778.84,29.87,21433
2020-09-13,Zubair,5,246.72,3566.33,32.73,14975
2020-09-14,Rumaila,18,93.83,3860.41,26.68,32108
2020-09-15,West Qurna,12,232.26,2698.56,32.15,23424
2020-09-16,Zubair,10,316.81,3389.52,39.15,27681
2020-09-17,Kirkuk,7,310.74,3398.68,54.71,28521
2020-09-18,Rumaila,18,348.18,3030.19,43.25,41309
2020-09-19,Kirkuk,13,92.87,3187.7,26.97,23350
2020-09-20,Kirkuk,6,343.46,2556.97,21.57,19194
2020-09-21,Zubair,19,190.47,3618.79,24.42,35560
2020-09-22,Rumaila,15,229.57,3323.98,39.69,24286
2020-09-23,West Qurna,12,436.09,2586.61,46.78,37201
2020-09-24,West Qurna,14,54.06,3521.13,52.91,11653
2020-09-25,Zubair,7,314.79,3200.17,20.55,24355
2020-09-26,Zubair,17,319.42,2551.69,38.3,28473
2020-09-27,Rumaila,16,228.5,3954.41,36.48,35643
2020-09-28,West Qurna,9,156.66,3923.67,42.96,25991
2020-09-29,West Qurna,10,155.6,3269.35,39.59,20496
2020-09-30,West Qurna,14,447.67,2640.51,44.05,36914
2020-10-01,Kirkuk,10,248.91,3631.93,43.03,28671
2020-10-02,West Qurna,8,198.9,3237.9,24.1,25641
2020-10-03,Kirkuk,7,251.95,2953.67,47.99,20305
2020-10-04,Rumaila,8,351.23,3237.13,24.31,25145
2020-10-05,Kirkuk,5,115.59,3283.67,44.45,15633
2020-10-06,Rumaila,8,252.25,3344.07,34.57,13414
2020-10-07,West Qurna,5,314.55,3161.84,37.98,26722
2020-10-08,West Qurna,16,476.86,3408.63,51.62,38070
2020-10-09,Rumaila,19,163.64,3878.1,51.15,29181
2020-10-10,Zubair,5,211.66,3043.4,48.62,20935
2020-10-11,Rumaila,14,220.71,3588.57,37.86,25688
2020-10-12,Zubair,18,322.49,3841.68,45.77,40614
2020-10-13,Kirkuk,10,210.53,3183.97,37.95,27734
2020-10-14,Kirkuk,9,290.08,3165.18,50.44,25137
2020-10-15,Kirkuk,18,401.81,3403.18,34.1,41934
2020-10-16,West Qurna,15,367.42,3387.11,53.96,34417
2020-10-17,Kirkuk,19,250.87,3709.88,52.63,34772
2020-10-18,Zubair,8,438.9,3214.73,45.96,25728
2020-10-19,Kirkuk,17,301.16,3994.18,29.78,34779
2020-10-20,Rumaila,15,292.96,2589.21,24.61,23336
2020-10-21,Rumaila,7,65.38,2504.75,49.91,4892
2020-10-22,West Qurna,5,494.01,3460.3,25.79,22393
2020-10-23,Rumaila,10,105.34,2947.65,49.9,17032
2020-10-24,Zubair,6,154.01,2860.57,37.18,22725
2020-10-25,Kirkuk,12,73.26,2967.85,34.23,14359
2020-10-26,West Qurna,14,338.0,2884.07,51.61,35930
2020-10-27,Kirkuk,9,151.12,2546.19,41.13,21689
2020-10-28,Kirkuk,11,131.0,3957.3,40.18,15321
2020-10-29,Zubair,14,89.85,2831.12,39.56,13980
2020-10-30,Rumaila,16,96.49,3601.04,32.99,28692
2020-10-31,Rumaila,6,313.1,3643.89,47.5,23800
2020-11-01,Kirkuk,17,359.69,3893.89,28.85,32447
2020-11-02,West Qurna,12,228.82,2545.82,52.86,19408
2020-11-03,Rumaila,6,265.95,3808.07,51.29,24382
2020-11-04,West Qurna,8,358.69,3290.84,31.81,23983
2020-11-05,Rumaila,5,57.82,3448.82,45.53,-3901
2020-11-06,West Qurna,19,195.41,3466.71,40.06,29459
2020-11-07,Zubair,9,487.89,3729.7,31.82,35524
2020-11-08,West Qurna,13,311.05,3000.11,54.6,29061
2020-11-09,Zubair,5,164.4,3599.58,20.88,22787
2020-11-10,Zubair,13,284.78,3292.87,28.84,29620
2020-11-11,West Qurna,15,204.19,3690.09,38.2,29449
2020-11-12,Zubair,19,289.51,3985.82,38.27,42663
2020-11-13,Kirkuk,12,106.58,2800.98,40.61,17665
2020-11-14,Zubair,10,109.72,3991.97,46.31,29855
2020-11-15,Rumaila,11,114.59,2634.72,41.82,10161
2020-11-16,West Qurna,7,472.92,2503.48,41.01,25355
2020-11-17,Kirkuk,18,379.8,2566.24,21.87,40203
2020-11-18,West Qurna,19,123.07,3012.67,33.18,32568
2020-11-19,Rumaila,5,134.76,3449.36,28.12,13338
2020-11-20,Rumaila,9,378.87,2603.54,29.29,22923
2020-11-21,Rumaila,18,120.27,2508.5,39.4,32262
2020-11-22,Zubair,16,155.55,3905.64,26.98,23823
2020-11-23,Zubair,16,483.51,3732.89,30.29,45261
2020-11-24,West Qurna,6,164.89,3713.77,28.3,24208
2020-11-25,West Qurna,18,347.73,3826.64,53.2,36163
2020-11-26,Kirkuk,9,490.38,3550.05,53.06,32567
2020-11-27,Kirkuk,12,218.43,2656.61,41.35,19983
2020-11-28,West Qurna,15,57.88,3098.65,52.36,23227
2020-11-29,Zubair,13,159.87,3584.72,47.5,28723
2020-11-30,Rumaila,6,423.89,2920.5,40.65,28005
2020-12-01,West Qurna,16,439.07,3531.11,20.23,50456
2020-12-02,Kirkuk,7,395.83,2536.75,47.04,26251
2020-12-03,Zubair,7,100.9,2959.21,44.59,19147
2020-12-04,West Qurna,5,407.98,3323.7,41.53,25064
2020-12-05,West Qurna,12,463.41,3448.13,46.61,48885
2020-12-06,Zubair,10,320.27,3365.56,37.95,35922
2020-12-07,West Qurna,16,473.39,3546.63,44.64,41430
2020-12-08,Zubair,17,422.08,2509.13,52.73,44322
2020-12-09,Rumaila,12,350.14,2651.41,33.15,36486
2020-12-10,Zubair,15,309.73,3803.42,44.78,41419
2020-12-11,Zubair,13,206.86,3522.62,36.65,13501
2020-12-12,Zubair,9,121.68,2669.4,43.6,18481
2020-12-13,West Qurna,18,322.23,3763.11,46.7,39811
2020-12-14,West Qurna,16,193.15,2863.35,21.59,29055
2020-12-15,Zubair,18,439.9,3217.39,42.63,42560
2020-12-16,West Qurna,7,497.0,2717.79,27.94,33504
2020-12-17,Kirkuk,9,388.59,3565.17,43.45,37337
2020-12-18,Kirkuk,9,90.72,3500.28,36.39,18742
2020-12-19,West Qurna,9,179.91,2816.67,47.07,19218
2020-12-20,West Qurna,7,99.1,3795.1,24.32,21408
2020-12-21,Zubair,15,342.73,3101.96,41.92,35375
2020-12-22,Rumaila,18,394.34,2938.77,29.75,41309
2020-12-23,West Qurna,14,466.55,2728.49,49.85,46453
2020-12-24,Kirkuk,18,247.18,2899.25,52.49,28409
2020-12-25,Zubair,8,455.62,2533.04,54.87,22255
2020-12-26,West Qurna,13,445.05,3374.89,47.86,37403
2020-12-27,Kirkuk,17,192.74,3763.35,46.38,30708
2020-12-28,Kirkuk,14,441.01,3323.47,27.54,41902
2020-12-29,Rumaila,13,219.05,2828.91,31.76,25123
2020-12-30,Zubair,6,183.59,2550.5,36.3,18618
2020-12-31,Zubair,12,342.08,2821.94,47.07,41781
2021-01-01,Rumaila,12,197.77,3124.18,52.02,26808
2021-01-02,Rumaila,11,333.59,3639.42,26.62,35786
2021-01-03,Zubair,12,324.42,2781.76,52.28,27450
2021-01-04,Zubair,18,303.55,3579.69,44.35,28760
2021-01-05,West Qurna,7,221.19,3800.4,41.38,9829
2021-01-06,West Qurna,17,296.82,3180.92,26.99,31081
2021-01-07,Rumaila,10,318.42,3732.15,21.94,16657
2021-01-08,West Qurna,5,295.56,3331.99,39.9,24245
2021-01-09,Kirkuk,11,249.99,3455.64,42.8,23768
2021-01-10,West Qurna,19,56.6,3289.42,27.38,17410
2021-01-11,West Qurna,19,314.18,3194.76,39.48,36863
2021-01-12,Kirkuk,5,125.8,2851.98,49.98,7753
2021-01-13,Rumaila,13,339.16,2954.79,49.23,32699
2021-01-14,Kirkuk,5,391.7,2934.96,52.46,28455
2021-01-15,West Qurna,5,275.2,3344.93,32.81,17401
2021-01-16,Rumaila,19,294.06,2679.93,31.13,32723
2021-01-17,West Qurna,11,478.17,3875.19,46.23,39321
2021-01-18,Kirkuk,6,431.23,3580.98,35.09,23316
2021-01-19,Kirkuk,18,461.41,3102.17,23.06,43859
2021-01-20,West Qurna,9,416.19,2737.94,29.9,23072
2021-01-21,Zubair,12,99.01,3822.99,34.65,23309
2021-01-22,Zubair,12,117.05,3735.67,30.24,19076
2021-01-23,Kirkuk,7,286.98,3582.58,31.63,17065
2021-01-24,Kirkuk,11,160.73,2907.32,30.28,17050
2021-01-25,Zubair,7,264.51,3103.67,21.45,19305
2021-01-26,Zubair,10,227.46,2654.12,42.3,26509
2021-01-27,West Qurna,10,297.24,2783.56,40.91,25952
2021-01-28,West Qurna,7,386.09,3674.52,42.87,24361
2021-01-29,Zubair,11,371.97,3572.56,26.73,40860
2021-01-30,West Qurna,7,284.56,3390.23,30.35,26720
2021-01-31,West Qurna,12,420.08,3843.59,41.69,34702
2021-02-01,Rumaila,14,243.89,3374.9,40.99,20420
2021-02-02,West Qurna,8,453.52,3200.45,37.72,30123
2021-02-03,Kirkuk,19,82.08,3010.56,32.26,23165
2021-02-04,West Qurna,19,479.6,3910.67,51.95,48098
2021-02-05,West Qurna,17,344.61,2624.07,31.89,37282
2021-02-06,Zubair,5,221.03,3896.33,35.95,23795
2021-02-07,Kirkuk,8,138.72,3740.07,43.73,9887
2021-02-08,West Qurna,18,265.63,2694.89,39.01,32339
2021-02-09,West Qurna,11,137.55,3347.48,32.14,19258
2021-02-10,Rumaila,15,124.85,3799.82,35.25,38074
2021-02-11,West Qurna,8,327.81,3357.71,47.81,26453
2021-02-12,West Qurna,17,285.39,3860.8,29.73,31947
2021-02-13,Rumaila,10,351.54,3914.48,24.98,32223
2021-02-14,Zubair,13,468.32,3133.58,30.96,37945
2021-02-15,West Qurna,5,289.52,3065.97,49.73,10337
2021-02-16,Rumaila,17,311.42,3904.48,23.11,38732
2021-02-17,Kirkuk,9,90.33,3512.71,54.71,13961
2021-02-18,Zubair,15,372.94,2674.03,38.94,33467
2021-02-19,Kirkuk,11,229.96,2563.44,54.47,17286
2021-02-20,Kirkuk,5,489.53,3346.94,52.86,25562
2021-02-21,Rumaila,18,420.43,3895.26,35.85,47126
2021-02-22,West Qurna,8,285.12,3766.37,26.95,31389
2021-02-23,Rumaila,10,105.45,3513.77,25.77,20231
2021-02-24,Rumaila,6,436.74,2708.67,28.4,19157
2021-02-25,Rumaila,14,409.9,2881.35,44.85,37309
2021-02-26,Rumaila,9,133.06,3813.27,29.55,10327
2021-02-27,Zubair,15,182.88,2774.21,31.95,21302
2021-02-28,West Qurna,14,407.03,2917.66,35.71,39461
2021-03-01,Kirkuk,5,133.35,2694.4,51.96,14580
2021-03-02,Kirkuk,10,462.99,3514.16,26.63,38278
2021-03-03,West Qurna,10,241.04,3915.97,20.18,32859
2021-03-04,Kirkuk,17,89.17,2903.45,22.1,25406
2021-03-05,West Qurna,19,417.09,3213.11,51.67,30949
2021-03-06,Kirkuk,19,218.08,3451.51,42.66,30231
2021-03-07,Rumaila,8,286.92,3999.2,29.56,26349
2021-03-08,Kirkuk,17,100.54,2657.21,26.2,21519
2021-03-09,West Qurna,12,51.16,3247.86,30.3,13407
2021-03-10,West Qurna,8,337.09,3077.68,24.02,21316
2021-03-11,West Qurna,12,281.83,3798.73,52.95,41003
2021-03-12,West Qurna,19,317.09,3213.95,47.45,34229
2021-03-13,West Qurna,17,407.18,2666.47,36.18,49131
2021-03-14,Zubair,12,340.97,3451.64,50.27,25289
2021-03-15,Zubair,9,128.65,3656.17,28.73,21924
2021-03-16,Kirkuk,17,212.35,2504.32,45.1,28026
2021-03-17,West Qurna,19,457.65,3788.44,49.96,40239
2021-03-18,Kirkuk,8,396.48,2779.03,32.49,25948
2021-03-19,West Qurna,16,300.49,3328.1,46.51,32638
2021-03-20,West Qurna,17,165.04,3123.7,30.33,22593
2021-03-21,Zubair,6,185.93,3579.48,30.46,16940
2021-03-22,Zubair,15,379.38,3056.74,23.75,23702
2021-03-23,Rumaila,19,433.03,3804.64,35.4,47661
2021-03-24,Zubair,7,352.14,3595.74,45.54,33264
2021-03-25,Rumaila,7,414.29,3471.57,52.91,31914
2021-03-26,Rumaila,8,395.0,3694.36,41.13,42020
2021-03-27,Rumaila,8,117.37,3631.03,50.21,19766
2021-03-28,Rumaila,14,240.78,2553.91,48.79,31051
2021-03-29,Rumaila,15,118.84,3092.1,26.07,28728
2021-03-30,Kirkuk,15,155.86,3896.21,37.0,12716
2021-03-31,Zubair,9,441.17,2688.59,24.09,33620
2021-04-01,Rumaila,8,262.8,3605.64,43.88,16826
2021-04-02,West Qurna,15,290.91,3961.89,53.25,27029
2021-04-03,Zubair,18,130.3,2578.3,24.8,19571
2021-04-04,Zubair,14,190.52,3523.29,45.69,24262
2021-04-05,Rumaila,12,153.61,3202.23,42.13,24376
2021-04-06,Kirkuk,10,142.78,3368.76,40.43,21303
2021-04-07,Rumaila,10,337.08,2628.01,33.65,26766
2021-04-08,Kirkuk,12,165.6,2564.51,32.43,23714
2021-04-09,West Qurna,11,334.41,3500.3,21.58,34591
2021-04-10,Zubair,19,76.3,3734.96,27.63,28504
2021-04-11,West Qurna,14,113.8,3673.02,20.53,14571
2021-04-12,Kirkuk,18,173.54,3315.71,40.35,24817
2021-04-13,Kirkuk,15,318.67,2649.8,23.7,31403
2021-04-14,West Qurna,16,354.13,3532.07,50.56,39553
2021-04-15,Kirkuk,14,249.22,2862.83,38.31,20357
2021-04-16,West Qurna,17,250.61,3866.6,44.49,32839
2021-04-17,Zubair,12,376.03,3757.4,34.38,26314
2021-04-18,West Qurna,18,57.12,3564.07,39.62,28589
2021-04-19,Zubair,6,203.49,3923.27,52.99,20666
2021-04-20,West Qurna,13,418.42,2547.13,22.9,27245
2021-04-21,Kirkuk,5,321.45,3604.3,28.89,17355
2021-04-22,West Qurna,19,201.75,2995.36,47.3,31692
2021-04-23,Kirkuk,12,457.49,3859.1,23.46,45722
2021-04-24,West Qurna,16,397.68,2900.01,22.65,31521
2021-04-25,West Qurna,15,169.2,3587.28,32.65,30275
2021-04-26,Rumaila,16,340.38,3816.47,23.23,34160
2021-04-27,Kirkuk,16,318.09,2562.49,40.48,35593
2021-04-28,Rumaila,8,230.53,3096.47,27.92,24495
2021-04-29,Kirkuk,8,215.13,3643.46,51.35,22023
2021-04-30,Rumaila,9,204.6,3182.38,47.42,11283
2021-05-01,Zubair,12,327.72,2900.88,44.49,32260
2021-05-02,West Qurna,9,249.08,2829.71,41.59,24306
2021-05-03,Kirkuk,12,424.34,2697.28,50.22,34954
2021-05-04,Kirkuk,19,351.32,3785.69,27.81,41167
2021-05-05,West Qurna,14,81.47,3363.03,50.56,15352
2021-05-06,Kirkuk,5,338.08,2614.58,47.63,26833
2021-05-07,Kirkuk,16,172.02,3073.87,46.19,30028
2021-05-08,Rumaila,19,316.77,3051.6,39.64,30527
2021-05-09,Kirkuk,14,356.06,2772.61,28.62,38934
2021-05-10,Zubair,13,153.87,3153.26,34.82,22867
2021-05-11,Zubair,10,255.59,2998.15,47.77,24086
2021-05-12,West Qurna,7,135.65,3012.71,21.11,14405
2021-05-13,Kirkuk,17,73.55,3608.54,47.37,22792
2021-05-14,West Qurna,18,220.31,2834.9,28.4,36623
2021-05-15,Zubair,12,213.32,3462.79,25.05,30568
2021-05-16,Kirkuk,13,497.97,3355.97,24.05,45404
2021-05-17,Kirkuk,10,250.86,3352.14,20.95,25994
2021-05-18,West Qurna,15,200.11,3494.51,38.33,31885
2021-05-19,Zubair,11,311.21,3322.57,27.64,24628
2021-05-20,Kirkuk,5,89.95,3818.88,54.63,15332
2021-05-21,West Qurna,18,482.75,3513.37,40.11,43807
2021-05-22,Zubair,9,335.73,3320.44,24.83,17804
2021-05-23,West Qurna,9,389.68,3744.64,44.11,23564
2021-05-24,Rumaila,14,126.72,3409.22,51.42,18806
2021-05-25,Kirkuk,18,234.27,2936.72,46.08,32317
2021-05-26,Rumaila,8,240.21,2810.64,22.68,17552
2021-05-27,Zubair,10,419.81,2728.49,51.36,27780
2021-05-28,Rumaila,11,50.56,3849.18,47.79,20558
2021-05-29,Rumaila,13,185.38,3565.2,25.54,22524
2021-05-30,Zubair,5,491.56,3906.07,21.81,40396
2021-05-31,West Qurna,19,263.7,3404.94,39.51,40140
2021-06-01,Rumaila,10,222.14,3210.1,25.46,23183
2021-06-02,West Qurna,11,103.92,2589.57,49.21,19356
2021-06-03,Rumaila,7,488.37,3507.46,32.54,37151
2021-06-04,West Qurna,12,59.01,3373.31,51.95,15384
2021-06-05,Zubair,19,381.73,3985.31,39.8,46257
2021-06-06,Rumaila,9,395.87,2858.74,26.39,34722
2021-06-07,Zubair,19,159.65,3296.11,24.89,24462
2021-06-08,Rumaila,13,352.2,3476.44,40.18,33702
2021-06-09,Zubair,9,91.82,3466.89,46.67,16404
2021-06-10,Zubair,13,165.67,3341.94,47.35,27237
2021-06-11,Rumaila,14,404.56,3665.39,29.65,35215
2021-06-12,Rumaila,8,439.11,2807.47,27.15,27675
2021-06-13,Rumaila,13,323.82,3588.44,20.59,33284
2021-06-14,Kirkuk,9,278.08,3429.6,43.77,30886
2021-06-15,West Qurna,14,121.69,3844.11,22.68,18039
2021-06-16,Kirkuk,13,78.4,3770.79,34.73,15166
2021-06-17,Kirkuk,7,102.94,2972.72,41.06,10331
2021-06-18,Zubair,19,152.31,2914.36,52.8,25162
2021-06-19,Rumaila,8,203.75,3972.48,30.91,13450
2021-06-20,West Qurna,13,221.41,3290.9,28.74,33672
2021-06-21,Zubair,14,205.84,3859.63,42.9,27033
2021-06-22,Kirkuk,15,157.57,2745.82,41.67,21565
2021-06-23,Rumaila,10,279.38,3464.23,31.62,34626
2021-06-24,Zubair,6,421.38,3714.79,52.48,33328
2021-06-25,Rumaila,11,175.87,3921.09,49.57,20492
2021-06-26,Zubair,6,474.07,3006.01,27.84,31810
2021-06-27,Rumaila,15,443.0,3587.47,28.37,39953
2021-06-28,Kirkuk,6,122.79,3308.22,37.93,21268
2021-06-29,West Qurna,15,403.82,2590.94,47.08,33815
2021-06-30,Kirkuk,5,308.56,3535.0,21.54,16277
2021-07-01,West Qurna,15,304.96,3535.14,44.27,23239
2021-07-02,Rumaila,15,225.97,3895.91,42.69,37181
2021-07-03,Zubair,16,275.52,3245.97,28.1,27828
2021-07-04,Kirkuk,15,228.73,2845.38,43.85,30108
2021-07-05,West Qurna,7,292.88,2566.85,52.91,21216
2021-07-06,Kirkuk,10,332.58,3123.46,21.64,26367
2021-07-07,West Qurna,12,353.44,2952.88,31.19,29396
2021-07-08,Kirkuk,13,289.62,3641.63,35.34,38363
2021-07-09,West Qurna,11,374.64,3031.4,51.47,23142
2021-07-10,West Qurna,8,113.58,3923.61,53.68,15007
2021-07-11,Rumaila,10,145.39,3943.47,35.54,25667
2021-07-12,West Qurna,9,418.43,3431.36,46.25,25512
2021-07-13,Rumaila,12,195.14,3892.99,38.61,31964
2021-07-14,West Qurna,5,60.3,3641.28,38.82,15336
2021-07-15,Zubair,5,119.21,3320.29,29.73,14488
2021-07-16,Zubair,17,150.63,2770.46,27.59,22599
2021-07-17,Zubair,19,480.8,3187.9,30.08,37743
2021-07-18,West Qurna,15,307.87,3341.31,39.47,35868
2021-07-19,Rumaila,10,469.73,3795.94,21.02,51087
2021-07-20,Rumaila,14,308.82,3222.0,51.75,31384
2021-07-21,West Qurna,16,265.71,3846.51,25.47,24031
2021-07-22,Zubair,6,191.18,3511.52,27.7,20650
2021-07-23,Zubair,9,322.87,2705.5,38.14,29517
2021-07-24,Rumaila,5,112.64,3992.47,44.85,9774
2021-07-25,Zubair,11,454.22,3290.85,23.35,32755
2021-07-26,Kirkuk,5,423.2,3087.79,31.12,23853
2021-07-27,Rumaila,8,192.89,3488.67,53.9,16937
2021-07-28,Zubair,13,478.76,2663.34,29.18,36292
2021-07-29,Rumaila,5,421.34,3454.81,30.96,24298
2021-07-30,Kirkuk,8,349.84,3247.35,49.28,20676
2021-07-31,Rumaila,10,104.79,3110.01,21.76,17889
2021-08-01,Rumaila,10,265.21,3929.53,36.26,26148
2021-08-02,Rumaila,16,277.75,3283.81,33.29,29659
2021-08-03,Rumaila,19,154.65,2828.68,31.08,27802
2021-08-04,Kirkuk,17,85.98,3188.45,30.0,15464
2021-08-05,West Qurna,12,399.53,3879.08,23.2,37334
2021-08-06,Rumaila,5,104.92,2764.14,31.02,8629
2021-08-07,Rumaila,11,317.43,2820.94,21.51,28987
2021-08-08,Zubair,5,471.4,2519.54,47.33,29807
2021-08-09,Rumaila,17,444.25,2521.29,33.94,44514
2021-08-10,Zubair,18,174.99,3744.09,35.54,30530
2021-08-11,West Qurna,11,433.15,3598.18,51.28,40347
2021-08-12,Kirkuk,7,50.15,3032.56,43.03,8805
2021-08-13,Kirkuk,15,57.96,3547.47,20.28,19661
2021-08-14,West Qurna,12,321.15,3092.81,53.01,28391
2021-08-15,Kirkuk,7,214.16,3929.35,28.3,25618
2021-08-16,West Qurna,18,223.91,3950.58,23.77,36589
2021-08-17,West Qurna,18,304.0,3089.19,46.88,34836
2021-08-18,West Qurna,17,136.3,3781.33,37.52,20995
2021-08-19,Kirkuk,5,145.29,3659.63,35.18,18353
2021-08-20,Zubair,17,268.07,2965.0,28.73,27230
2021-08-21,West Qurna,17,389.41,2848.06,39.16,32361
2021-08-22,Rumaila,18,328.77,3187.35,29.6,30520
2021-08-23,Kirkuk,12,183.81,3672.02,51.56,23344
2021-08-24,West Qurna,7,243.65,3940.25,27.53,29336
2021-08-25,West Qurna,6,126.8,3645.37,50.95,10021
2021-08-26,Rumaila,5,83.58,3782.81,39.58,20833
2021-08-27,Zubair,18,402.21,3404.6,49.0,44504
2021-08-28,Zubair,7,169.42,3753.11,44.95,11159
2021-08-29,Zubair,19,129.99,3676.63,44.38,26384
2021-08-30,West Qurna,6,361.23,3065.48,31.35,20216
2021-08-31,West Qurna,6,328.12,3327.99,28.19,27969
2021-09-01,West Qurna,10,334.94,3707.13,27.38,25206
2021-09-02,Kirkuk,16,153.0,2569.09,50.0,14852
2021-09-03,Rumaila,5,154.69,3712.12,48.71,13881
2021-09-04,West Qurna,6,149.36,2766.83,35.42,19653
2021-09-05,Rumaila,18,128.19,3272.03,24.63,25624
2021-09-06,Rumaila,10,345.08,3712.41,33.38,32482
2021-09-07,Zubair,7,431.61,2880.73,41.68,31258
2021-09-08,Kirkuk,19,375.94,2868.71,35.9,30865
2021-09-09,West Qurna,8,406.44,3104.15,47.31,24818
2021-09-10,Zubair,5,232.16,3841.96,54.92,19619
2021-09-11,Zubair,12,344.33,2500.66,26.69,26231
2021-09-12,West Qurna,17,209.41,3852.07,36.09,39566
2021-09-13,Rumaila,11,286.48,2730.71,35.08,19422
2021-09-14,Zubair,11,266.74,3985.13,30.66,23926
2021-09-15,Rumaila,7,129.6,3932.27,26.93,19021
2021-09-16,Kirkuk,14,224.19,3242.01,22.3,24227
2021-09-17,Rumaila,14,483.72,3269.08,51.05,25103
2021-09-18,Kirkuk,7,161.86,3222.32,34.69,26493
2021-09-19,Rumaila,18,110.21,3453.17,37.39,20477
2021-09-20,Zubair,6,238.36,2636.08,52.09,20168
2021-09-21,Zubair,16,405.65,2548.93,47.17,29347
2021-09-22,Kirkuk,5,311.97,2586.55,24.57,16406
2021-09-23,West Qurna,11,356.44,3166.55,39.79,22113
2021-09-24,Kirkuk,11,135.36,2913.32,35.48,14838
2021-09-25,Kirkuk,16,328.53,3433.06,47.9,31167
2021-09-26,Rumaila,6,195.58,3988.66,45.35,18821
2021-09-27,Rumaila,11,425.44,3079.48,44.16,31423
2021-09-28,Kirkuk,17,333.18,3360.76,31.92,28676
2021-09-29,Zubair,12,139.49,3123.41,48.17,17380
2021-09-30,Rumaila,5,79.08,3770.91,21.83,19947
2021-10-01,West Qurna,13,69.18,3853.35,25.59,26994
2021-10-02,Rumaila,11,217.13,3816.03,31.75,27731
2021-10-03,Rumaila,7,169.63,3961.56,22.69,23101
2021-10-04,West Qurna,12,340.74,2541.28,28.22,39218
2021-10-05,Kirkuk,11,274.7,3759.72,49.06,30499
2021-10-06,West Qurna,15,169.71,3627.66,53.19,29094
2021-10-07,Kirkuk,19,117.16,2843.04,30.66,17744
2021-10-08,Kirkuk,17,107.24,3934.48,29.26,20825
2021-10-09,Kirkuk,12,439.1,2722.27,29.8,34164
2021-10-10,West Qurna,10,159.57,3519.32,29.72,16707
2021-10-11,Kirkuk,13,343.27,2837.34,21.26,26148
2021-10-12,Zubair,19,414.81,3147.07,52.44,36296
2021-10-13,West Qurna,9,326.34,3578.74,27.48,21211
2021-10-14,Zubair,7,436.8,3344.99,34.7,26977
2021-10-15,Kirkuk,7,226.58,3141.25,20.34,21940
2021-10-16,Rumaila,5,480.3,2989.51,50.03,38564
2021-10-17,Kirkuk,16,109.92,3759.49,45.59,28491
2021-10-18,Zubair,19,95.97,2715.72,53.14,26632
2021-10-19,Zubair,12,346.41,3145.15,47.36,22318
2021-10-20,West Qurna,6,474.27,3855.64,30.98,34048
2021-10-21,Rumaila,7,414.0,3768.77,28.68,30911
2021-10-22,West Qurna,12,84.39,3101.41,44.42,18745
2021-10-23,Zubair,18,175.72,3644.66,32.74,28034
2021-10-24,Kirkuk,12,468.64,3734.74,39.82,46852
2021-10-25,Rumaila,18,163.88,3833.33,20.22,30451
2021-10-26,Kirkuk,15,401.53,3316.76,22.17,38213
2021-10-27,Kirkuk,8,421.31,2806.69,38.74,19611
2021-10-28,Rumaila,8,272.95,2882.96,39.81,21669
2021-10-29,West Qurna,9,223.86,2943.54,46.3,26481
2021-10-30,Kirkuk,10,252.56,3390.7,24.62,27939
2021-10-31,Zubair,9,152.13,2549.21,37.96,5438
2021-11-01,Kirkuk,18,450.23,3454.06,26.81,40921
2021-11-02,Rumaila,19,252.78,3046.53,23.26,41840
2021-11-03,Rumaila,11,447.11,2942.86,34.37,33500
2021-11-04,Rumaila,6,97.56,3819.24,25.72,16276
2021-11-05,West Qurna,11,494.72,3190.0,27.76,45668
2021-11-06,Kirkuk,14,249.47,2642.58,31.11,25795
2021-11-07,West Qurna,11,71.52,3740.12,29.08,21979
2021-11-08,West Qurna,5,67.11,2571.46,23.07,10535
2021-11-09,Rumaila,11,385.79,3590.12,23.15,36591
2021-11-10,Rumaila,9,346.57,3660.86,26.76,31504
2021-11-11,West Qurna,7,410.96,3028.9,21.77,26343
2021-11-12,Kirkuk,17,97.42,3737.18,41.93,22686
2021-11-13,Zubair,7,66.01,3273.49,30.06,8046
2021-11-14,West Qurna,8,278.86,3194.94,29.79,15536
2021-11-15,Kirkuk,17,224.42,2568.1,31.62,34299
2021-11-16,Rumaila,16,257.88,2935.04,43.2,29553
2021-11-17,Rumaila,6,496.21,3896.51,50.47,40057
2021-11-18,Kirkuk,6,486.84,3087.74,46.57,39135
2021-11-19,Zubair,5,474.04,3320.05,45.46,30665
2021-11-20,Rumaila,19,402.73,3298.03,36.95,34455
2021-11-21,Rumaila,9,209.68,3385.65,44.28,20431
2021-11-22,Rumaila,8,235.46,2592.0,39.35,16113
2021-11-23,Kirkuk,15,297.33,3043.26,27.57,21368
2021-11-24,West Qurna,14,423.74,3584.69,27.3,35713
2021-11-25,Rumaila,19,80.92,2800.84,30.37,23280
2021-11-26,West Qurna,6,240.93,2805.37,51.88,14790
2021-11-27,Zubair,7,87.18,2515.14,39.16,6972
2021-11-28,Rumaila,11,281.6,3156.22,45.69,19890
2021-11-29,Rumaila,11,454.51,3824.1,32.13,38313
2021-11-30,Zubair,16,402.12,2577.85,34.27,45258
2021-12-01,Rumaila,8,152.53,2786.68,24.39,22748
2021-12-02,West Qurna,9,489.2,2965.13,26.0,37943
2021-12-03,Kirkuk,9,350.31,3597.59,48.96,32316
2021-12-04,West Qurna,10,54.69,3460.95,40.47,14340
2021-12-05,Kirkuk,18,164.94,3123.92,31.81,18742
2021-12-06,Kirkuk,13,167.32,3638.6,48.1,22092
2021-12-07,West Qurna,6,81.16,3414.45,28.63,7696
2021-12-08,West Qurna,9,481.92,3844.06,54.16,36877
2021-12-09,West Qurna,16,265.21,3727.04,32.07,38746
2021-12-10,West Qurna,7,453.12,2879.22,31.81,40306
2021-12-11,Zubair,8,195.0,2907.16,30.92,18967
2021-12-12,Rumaila,14,106.36,2688.03,24.27,11418
2021-12-13,Kirkuk,10,263.45,3005.45,23.89,24886
2021-12-14,West Qurna,16,101.28,3999.32,42.68,25331
2021-12-15,West Qurna,12,268.71,3108.63,50.63,29737
2021-12-16,West Qurna,5,464.13,2830.73,47.67,28273
2021-12-17,Zubair,14,284.35,3643.72,24.94,31833
2021-12-18,West Qurna,18,327.42,3313.71,39.1,33079
2021-12-19,West Qurna,12,120.49,2724.4,23.7,17027
2021-12-20,West Qurna,15,69.68,3071.03,21.59,22716
2021-12-21,Rumaila,18,99.86,3121.7,42.97,14127
2021-12-22,Zubair,11,319.34,3630.74,38.73,28211
2021-12-23,West Qurna,5,92.76,2531.01,22.87,13084
2021-12-24,Kirkuk,6,219.2,2903.53,21.22,26337
2021-12-25,Kirkuk,7,297.54,3276.39,54.64,21175
2021-12-26,Kirkuk,5,224.89,2903.27,21.05,23350
2021-12-27,Zubair,18,123.66,3442.65,35.56,34994
2021-12-28,Zubair,13,173.21,3222.8,37.66,21372
2021-12-29,Kirkuk,12,467.74,3042.57,24.1,34101
2021-12-30,West Qurna,6,354.19,3923.81,25.92,26893
2021-12-31,Zubair,17,273.22,3448.24,32.31,32727
2022-01-01,Kirkuk,13,55.72,2694.91,46.66,21025
2022-01-02,Kirkuk,11,496.59,3340.14,37.75,33949
2022-01-03,West Qurna,13,352.15,3671.1,42.33,41142
2022-01-04,Rumaila,10,192.62,3562.73,54.48,17781
2022-01-05,Zubair,10,445.67,2758.13,46.88,25929
2022-01-06,West Qurna,15,166.29,3958.63,35.2,29853
2022-01-07,Kirkuk,18,294.81,3173.22,35.63,40444
2022-01-08,Kirkuk,8,336.23,2738.54,41.66,25771
2022-01-09,West Qurna,14,149.48,2770.29,43.29,23762
2022-01-10,Zubair,14,490.28,2647.35,37.52,48202
2022-01-11,Rumaila,17,386.69,3705.28,42.57,45496
2022-01-12,Rumaila,17,301.02,2683.05,20.82,32730
2022-01-13,Kirkuk,6,131.27,2687.69,35.04,10520
2022-01-14,Zubair,11,74.24,3775.71,29.76,23721
2022-01-15,Rumaila,9,194.03,3016.91,24.52,24263
2022-01-16,Zubair,15,388.93,2546.29,23.48,36574
2022-01-17,Zubair,10,171.2,2577.84,41.11,16525
2022-01-18,Kirkuk,6,292.8,2713.26,38.33,20348
2022-01-19,Rumaila,9,377.58,2820.09,28.88,27835
2022-01-20,West Qurna,14,98.57,3497.72,36.48,19876
2022-01-21,Kirkuk,8,358.38,2735.99,37.23,23105
2022-01-22,Rumaila,13,91.34,2678.31,26.83,19223
2022-01-23,Rumaila,10,484.31,3647.08,42.82,33740
2022-01-24,Rumaila,6,269.78,3506.58,47.33,22576
2022-01-25,Rumaila,5,117.8,3152.99,47.7,1519
2022-01-26,Rumaila,9,204.07,3323.96,41.09,18044
2022-01-27,Zubair,13,236.04,2967.98,37.91,31160
2022-01-28,Kirkuk,10,391.18,3223.75,22.14,27164
2022-01-29,Zubair,14,384.54,3260.01,30.07,38165
2022-01-30,West Qurna,16,325.37,3080.86,23.26,29827
2022-01-31,Rumaila,11,97.67,3859.86,53.73,22830
2022-02-01,Kirkuk,9,118.21,2524.09,24.73,13355
2022-02-02,Rumaila,14,92.19,3673.26,25.31,20287
2022-02-03,Kirkuk,10,309.73,2686.57,51.14,25384
2022-02-04,Zubair,9,444.71,3696.32,53.04,27116
2022-02-05,Kirkuk,15,245.21,3423.87,46.8,34088
2022-02-06,West Qurna,13,122.38,3764.92,20.19,29425
2022-02-07,West Qurna,19,301.12,2646.27,20.05,32693
2022-02-08,Kirkuk,10,415.29,3338.47,33.23,35504
2022-02-09,Kirkuk,15,383.77,3251.63,25.02,40187
2022-02-10,Kirkuk,12,446.65,3559.29,20.64,37035
2022-02-11,Kirkuk,6,175.06,3301.44,36.24,11129
2022-02-12,West Qurna,16,137.28,3311.1,53.01,32277
2022-02-13,Rumaila,17,445.92,3144.39,31.33,38926
2022-02-14,Kirkuk,13,345.9,2963.25,43.14,27945
2022-02-15,Kirkuk,9,189.92,3223.4,42.83,28175
2022-02-16,West Qurna,11,384.06,2677.74,28.79,33523
2022-02-17,West Qurna,14,416.8,3942.27,42.76,39771
2022-02-18,Zubair,17,326.74,3571.62,27.43,31475
2022-02-19,Kirkuk,5,359.55,3928.7,24.27,31149
2022-02-20,Zubair,14,218.87,2840.09,44.55,39710
2022-02-21,West Qurna,9,292.41,3819.01,23.97,31861
2022-02-22,West Qurna,16,285.87,3713.18,54.89,35367
2022-02-23,Rumaila,18,431.62,3515.73,26.42,46041
2022-02-24,Kirkuk,14,427.98,3437.54,40.79,35947
2022-02-25,Zubair,18,424.71,2974.82,34.4,38540
2022-02-26,West Qurna,6,54.96,3724.62,24.42,10537
2022-02-27,West Qurna,16,387.3,3252.27,20.97,34718
2022-02-28,Zubair,10,391.4,2606.34,41.8,27473
2022-03-01,Rumaila,15,355.27,2969.29,48.24,31539
2022-03-02,West Qurna,5,390.32,3902.95,49.47,26617
2022-03-03,Kirkuk,7,428.89,3776.02,36.89,30402
2022-03-04,West Qurna,9,261.64,3972.86,47.21,26899
2022-03-05,Kirkuk,8,275.92,3441.99,43.55,24310
2022-03-06,Zubair,7,106.12,2871.27,45.35,13496
2022-03-07,Kirkuk,14,223.42,2744.22,37.24,32998
2022-03-08,Zubair,17,339.51,2780.37,42.17,34535
2022-03-09,Kirkuk,9,401.18,2529.69,48.19,39357
2022-03-10,Zubair,15,147.74,3086.02,33.93,25491
2022-03-11,Kirkuk,12,112.02,2787.14,48.21,15380
2022-03-12,Rumaila,15,348.37,3117.48,40.72,40397
2022-03-13,Kirkuk,8,50.85,3902.49,25.81,14178
2022-03-14,Kirkuk,5,130.27,3145.81,20.86,1456
2022-03-15,Rumaila,15,63.08,3816.98,32.7,21704
2022-03-16,West Qurna,11,125.1,3408.26,39.13,18160
2022-03-17,West Qurna,12,131.59,2870.7,49.39,26843
2022-03-18,Kirkuk,7,224.45,3033.78,24.46,15202
2022-03-19,Rumaila,10,231.05,2625.88,48.01,19427
2022-03-20,Kirkuk,6,443.42,3000.19,50.21,35104
2022-03-21,Zubair,11,279.55,3516.31,25.27,29840
2022-03-22,Zubair,19,375.53,2608.17,49.81,36350
2022-03-23,Kirkuk,12,96.86,2808.1,54.7,12944
2022-03-24,West Qurna,10,151.45,3072.16,45.44,20284
2022-03-25,West Qurna,10,366.32,3973.07,47.47,31765
2022-03-26,Kirkuk,9,73.76,3677.29,54.8,11337
2022-03-27,Kirkuk,12,268.97,3600.23,41.19,24534
2022-03-28,Zubair,5,319.72,2674.29,30.78,17113
2022-03-29,West Qurna,14,320.97,3671.49,49.31,27721
2022-03-30,Kirkuk,8,60.32,3677.9,41.51,18575
2022-03-31,Zubair,19,194.95,3401.65,40.34,34839
2022-04-01,West Qurna,8,336.42,3985.54,28.88,33690
2022-04-02,Rumaila,7,117.05,2987.88,46.47,13544
2022-04-03,Zubair,7,362.94,3911.91,22.86,28084
2022-04-04,West Qurna,8,385.67,3872.1,52.35,29307
2022-04-05,West Qurna,15,491.89,2517.22,31.4,44409
2022-04-06,Zubair,5,144.43,3175.17,24.47,5012
2022-04-07,Rumaila,18,421.31,3965.66,35.48,40425
2022-04-08,Zubair,15,284.13,2654.68,21.49,25189
2022-04-09,West Qurna,17,218.06,3321.68,43.96,36449
2022-04-10,Kirkuk,15,105.07,3968.44,51.59,21324
2022-04-11,Kirkuk,6,380.98,3333.24,49.3,18490
2022-04-12,Zubair,13,156.14,2784.72,24.46,22644
2022-04-13,West Qurna,14,217.14,3373.27,24.42,25494
2022-04-14,Kirkuk,6,78.14,2806.66,48.47,7188
2022-04-15,West Qurna,9,410.62,3279.56,52.35,27599
2022-04-16,Zubair,13,394.96,2611.06,36.12,29100
2022-04-17,Kirkuk,13,380.13,3408.22,37.46,37750
2022-04-18,West Qurna,12,184.75,3275.18,31.14,24348
2022-04-19,Kirkuk,5,128.07,3610.24,51.3,12805
2022-04-20,Zubair,5,336.9,3446.05,42.57,18515
2022-04-21,West Qurna,13,273.27,3324.41,30.09,27990
2022-04-22,Kirkuk,17,130.21,3534.67,30.46,27604
2022-04-23,Zubair,15,358.66,2715.91,51.19,34138
2022-04-24,Kirkuk,12,496.01,3393.04,20.48,40270
2022-04-25,Kirkuk,14,386.25,2758.17,31.3,29135
2022-04-26,Rumaila,13,382.99,3888.28,39.4,23717
2022-04-27,Rumaila,11,477.64,2602.5,25.19,44032
2022-04-28,Zubair,7,141.32,3145.56,23.22,9358
2022-04-29,Rumaila,7,304.5,3543.7,48.53,14675
2022-04-30,Zubair,6,490.84,3187.03,51.3,32317
2022-05-01,Rumaila,9,124.38,2638.14,48.83,6226
2022-05-02,Kirkuk,16,365.11,3330.07,51.46,31778
2022-05-03,Zubair,16,313.61,3462.45,39.36,36732
2022-05-04,Zubair,7,313.92,3555.69,48.43,33873
2022-05-05,Kirkuk,18,363.95,3059.89,33.44,39412
2022-05-06,Zubair,10,468.33,3345.49,43.32,33057
2022-05-07,Zubair,6,402.16,3176.03,54.61,26841
2022-05-08,Rumaila,16,75.26,3508.08,27.9,13507
2022-05-09,Zubair,7,433.73,3375.34,33.65,28649
2022-05-10,West Qurna,9,151.49,3288.63,36.8,16188
2022-05-11,Kirkuk,16,219.61,2874.29,24.83,28725
2022-05-12,Rumaila,15,257.78,2503.03,22.84,37524
2022-05-13,Rumaila,15,266.41,2761.12,49.04,18549
2022-05-14,West Qurna,5,245.83,2675.6,54.19,14754
2022-05-15,Kirkuk,17,471.81,3173.63,34.17,33019
2022-05-16,Kirkuk,5,367.71,3418.39,23.07,23532
2022-05-17,Rumaila,14,334.03,2819.63,22.3,27268
2022-05-18,Zubair,13,72.43,3908.59,51.2,12440
2022-05-19,Rumaila,11,456.76,2510.02,36.23,37947
2022-05-20,Kirkuk,5,459.23,3658.45,31.2,32379
2022-05-21,West Qurna,19,401.1,3437.81,36.68,45347
2022-05-22,Rumaila,16,53.16,3060.33,31.14,17347
2022-05-23,Kirkuk,18,75.78,2575.73,37.12,21149
2022-05-24,Rumaila,12,151.35,3441.23,50.08,29462
2022-05-25,Zubair,7,109.11,3078.42,40.73,13555
2022-05-26,Rumaila,12,229.48,3904.4,44.31,30997
2022-05-27,Rumaila,19,465.18,3312.99,32.76,41228
2022-05-28,Kirkuk,9,262.43,3909.48,45.85,29154
2022-05-29,Kirkuk,5,56.03,2830.73,43.33,5349
2022-05-30,Kirkuk,11,177.24,3588.59,24.18,13520
2022-05-31,Rumaila,9,70.07,3425.87,40.04,14642
2022-06-01,Zubair,10,66.33,3609.11,28.99,14023
2022-06-02,West Qurna,10,174.07,2822.0,48.14,10701
2022-06-03,West Qurna,12,174.03,3497.49,34.91,24204
2022-06-04,Kirkuk,13,404.21,3247.06,54.81,29939
2022-06-05,Kirkuk,6,488.68,3614.24,23.24,49143
2022-06-06,Rumaila,13,217.04,2990.57,47.31,17182
2022-06-07,West Qurna,16,243.0,3835.09,43.58,25383
2022-06-08,Kirkuk,19,430.16,2626.45,46.86,44429
2022-06-09,Zubair,15,170.66,3710.78,30.76,26177
2022-06-10,Zubair,14,120.37,3791.98,37.22,27624
2022-06-11,Kirkuk,13,433.89,3725.88,47.88,39438
2022-06-12,Kirkuk,17,70.93,3269.09,28.14,19698
2022-06-13,West Qurna,14,328.86,3157.58,27.91,25283
2022-06-14,West Qurna,19,302.9,3994.39,39.29,43405
2022-06-15,Rumaila,14,205.66,2843.76,38.32,18322
2022-06-16,West Qurna,11,191.84,3320.31,29.88,25551
2022-06-17,Zubair,5,397.34,3506.01,30.43,32167
2022-06-18,Zubair,11,88.89,3551.3,29.72,17672
2022-06-19,Kirkuk,14,156.55,2806.04,47.0,20415
2022-06-20,West Qurna,9,379.6,3480.99,42.82,25320
2022-06-21,Rumaila,10,296.74,3727.55,49.13,29960
2022-06-22,Zubair,14,107.59,2575.03,54.14,3351
2022-06-23,Zubair,11,446.96,3867.28,36.6,40531
2022-06-24,Rumaila,18,227.05,2544.26,22.33,30013
2022-06-25,Rumaila,19,422.54,3033.96,21.68,40564
2022-06-26,Zubair,9,404.47,2523.72,30.35,30196
2022-06-27,Zubair,11,330.99,2615.72,52.64,20050
2022-06-28,Rumaila,13,272.52,3866.75,38.31,18112
2022-06-29,Zubair,7,490.8,3032.29,29.51,35194
2022-06-30,Kirkuk,12,115.23,3137.16,33.97,25837
2022-07-01,Kirkuk,6,376.32,2823.02,40.95,16460
2022-07-02,Rumaila,15,136.04,3395.64,42.85,18541
2022-07-03,West Qurna,11,202.22,3392.2,25.39,27388
2022-07-04,Rumaila,17,188.91,3058.3,54.2,28889
2022-07-05,Rumaila,6,476.17,2999.55,39.07,45550
2022-07-06,West Qurna,19,485.31,3827.45,24.75,52484
2022-07-07,West Qurna,18,132.36,3074.93,51.28,29581
2022-07-08,West Qurna,8,59.92,3240.25,22.61,9319
2022-07-09,Kirkuk,11,374.0,2924.96,51.77,32646
2022-07-10,Zubair,7,238.1,3680.15,54.88,28876
2022-07-11,Kirkuk,6,89.98,3096.17,44.52,10730
2022-07-12,Zubair,15,357.69,3270.42,46.97,33801
2022-07-13,Kirkuk,14,295.3,2880.04,31.81,30258
2022-07-14,Zubair,11,491.23,3981.49,52.96,35695
2022-07-15,Kirkuk,5,152.33,2937.24,38.54,14717
2022-07-16,West Qurna,18,231.79,3656.11,45.63,33509
2022-07-17,Rumaila,19,294.15,3141.24,52.34,42061
2022-07-18,Kirkuk,12,406.26,2809.33,54.13,31270
2022-07-19,Zubair,7,296.98,3699.58,49.16,27946
2022-07-20,West Qurna,16,325.81,3000.41,30.61,32675
2022-07-21,Kirkuk,16,151.77,3797.79,53.83,29666
2022-07-22,Kirkuk,17,431.11,3872.89,41.98,40765
2022-07-23,West Qurna,6,242.88,3789.74,52.57,23904
2022-07-24,Kirkuk,7,113.43,2552.51,43.66,15760
2022-07-25,Rumaila,9,348.88,3681.06,30.75,24332
2022-07-26,Kirkuk,15,147.24,3117.01,32.95,29336
2022-07-27,Rumaila,12,93.9,3810.58,39.27,19217
2022-07-28,Rumaila,14,437.89,3456.93,47.65,35587
2022-07-29,West Qurna,11,257.07,3750.46,31.13,23721
2022-07-30,Kirkuk,11,387.18,3249.15,40.29,33489
2022-07-31,West Qurna,16,180.76,3302.54,32.1,27060
2022-08-01,Kirkuk,11,404.14,2716.58,48.55,32854
2022-08-02,Kirkuk,19,100.37,3675.98,36.34,29008
2022-08-03,Zubair,12,210.19,3129.08,22.69,27359
2022-08-04,Kirkuk,5,490.13,3250.12,25.81,45464
2022-08-05,West Qurna,8,407.3,3677.65,22.14,32032
2022-08-06,Rumaila,17,273.77,3398.27,37.48,29186
2022-08-07,Kirkuk,10,202.9,2801.65,23.72,10839
2022-08-08,Zubair,13,442.46,3385.35,23.99,31683
2022-08-09,West Qurna,17,295.18,3111.45,52.94,38782
2022-08-10,Kirkuk,6,391.29,3204.29,50.54,30361
2022-08-11,West Qurna,5,389.35,2542.47,35.82,17370
2022-08-12,Zubair,17,58.08,2815.04,54.5,32135
2022-08-13,Zubair,14,106.81,2921.56,20.01,22239
2022-08-14,West Qurna,16,346.83,3569.44,41.49,38207
2022-08-15,Kirkuk,18,122.73,2517.24,41.57,34762
2022-08-16,Rumaila,6,164.97,3113.17,36.01,24305
2022-08-17,Zubair,11,475.99,3886.04,33.89,42446
2022-08-18,Kirkuk,7,302.08,2667.82,35.94,26275
2022-08-19,Kirkuk,14,387.83,3274.64,34.52,39894
2022-08-20,Rumaila,6,301.09,3679.78,45.57,22622
2022-08-21,Zubair,18,298.63,3913.8,24.74,38465
2022-08-22,Zubair,15,92.37,3620.16,26.92,25643
2022-08-23,Kirkuk,11,204.65,3580.85,26.32,23652
2022-08-24,Kirkuk,17,177.09,3739.73,29.19,24471
2022-08-25,Rumaila,17,225.83,3169.3,38.38,28417
2022-08-26,Rumaila,6,409.25,3708.77,23.89,25033
2022-08-27,Zubair,7,217.37,2511.95,50.39,17315
2022-08-28,West Qurna,15,253.26,3886.84,30.41,22609
2022-08-29,Zubair,11,228.82,3164.96,25.69,25970
2022-08-30,Kirkuk,18,92.03,3330.07,43.65,16226
2022-08-31,Zubair,8,248.48,2882.32,21.33,19514
2022-09-01,West Qurna,17,138.02,3613.8,41.7,29112
2022-09-02,Rumaila,18,134.03,2614.95,44.44,28269
2022-09-03,West Qurna,5,92.32,3808.95,27.52,16679
2022-09-04,West Qurna,17,210.5,3742.18,21.47,32806
2022-09-05,West Qurna,18,390.87,2824.09,32.73,32537
2022-09-06,Rumaila,9,174.4,3713.99,23.45,26161
2022-09-07,West Qurna,16,190.56,3679.54,24.08,23462
2022-09-08,West Qurna,13,339.2,3448.32,28.9,38011
2022-09-09,West Qurna,12,138.13,3060.28,30.34,23416
2022-09-10,Kirkuk,16,453.63,2907.25,38.55,46141
2022-09-11,West Qurna,19,284.09,2847.68,43.74,33659
2022-09-12,Rumaila,13,251.42,2977.91,40.75,22289
2022-09-13,West Qurna,14,301.02,3855.34,25.19,26498
2022-09-14,West Qurna,18,124.72,2616.46,26.02,18497
2022-09-15,Rumaila,13,326.06,3743.31,50.76,23926
2022-09-16,West Qurna,19,213.4,3023.34,39.54,35364
2022-09-17,Rumaila,11,453.73,3282.4,50.45,40458
2022-09-18,West Qurna,8,125.98,3691.73,33.0,20253
2022-09-19,Rumaila,9,278.17,3826.56,41.5,26078
2022-09-20,West Qurna,5,319.15,3017.17,38.33,32264
2022-09-21,West Qurna,18,65.02,3192.77,31.17,22504
2022-09-22,Kirkuk,5,213.66,3121.77,36.45,18160
2022-09-23,Kirkuk,7,379.69,2519.88,37.59,25277
2022-09-24,West Qurna,17,419.17,2943.91,27.03,37388
2022-09-25,West Qurna,18,190.92,3188.78,31.03,32437
2022-09-26,Zubair,12,409.37,3116.64,47.7,30320
2022-09-27,Rumaila,18,485.49,3582.89,52.05,41059
2022-09-28,Zubair,6,435.59,3077.21,32.59,32541
2022-09-29,Kirkuk,8,102.94,3234.06,30.74,12539
2022-09-30,Kirkuk,6,382.88,3144.41,26.83,27540
2022-10-01,Kirkuk,18,193.85,3610.94,43.75,28606
2022-10-02,Kirkuk,9,494.79,3794.46,31.31,37226
2022-10-03,West Qurna,13,268.41,3297.83,54.57,24410
2022-10-04,Kirkuk,5,105.1,3684.15,31.4,10262
2022-10-05,West Qurna,9,376.33,2945.18,33.79,24640
2022-10-06,West Qurna,18,195.36,3312.05,41.12,33787
2022-10-07,Kirkuk,19,498.69,3017.84,48.06,45505
2022-10-08,Kirkuk,13,490.9,3121.3,36.43,43509
2022-10-09,Rumaila,19,345.26,3598.62,34.79,44242
2022-10-10,Zubair,5,108.42,3822.49,54.85,11044
2022-10-11,Kirkuk,13,359.09,2682.24,20.37,35898
2022-10-12,Rumaila,12,91.86,3451.96,51.33,18439
2022-10-13,Rumaila,8,63.21,3373.22,25.22,12830
2022-10-14,Zubair,16,420.33,2677.62,47.51,42986
2022-10-15,West Qurna,15,144.39,2817.84,41.63,25293
2022-10-16,Kirkuk,14,220.56,2966.5,31.96,24307
2022-10-17,Zubair,9,488.06,2750.4,50.59,35680
2022-10-18,Kirkuk,17,201.58,2865.59,20.45,21834
2022-10-19,Rumaila,9,183.42,2901.4,27.93,20374
2022-10-20,Rumaila,15,463.19,3003.51,39.84,31577
2022-10-21,West Qurna,16,99.84,3624.09,32.3,19073
2022-10-22,Rumaila,10,391.81,3357.87,41.36,34447
2022-10-23,Rumaila,11,494.63,3979.37,20.84,26793
2022-10-24,Zubair,12,455.58,3122.1,24.08,45536
2022-10-25,Kirkuk,19,343.25,3630.8,24.45,43594
2022-10-26,Kirkuk,18,191.33,3807.2,26.62,22097
2022-10-27,Zubair,12,164.44,3518.47,36.08,34788
2022-10-28,West Qurna,15,418.66,3117.8,46.32,50367
2022-10-29,Kirkuk,18,445.92,3630.39,51.69,41834
2022-10-30,Rumaila,17,286.45,2805.5,49.24,26729
2022-10-31,Kirkuk,6,159.95,2991.33,26.89,23696
2022-11-01,Rumaila,13,100.82,3320.03,35.44,18319
2022-11-02,West Qurna,11,89.23,3363.11,26.98,18647
2022-11-03,Zubair,8,373.58,2533.21,29.26,32588
2022-11-04,Kirkuk,8,239.05,3917.67,37.62,22909
2022-11-05,Zubair,15,457.41,3544.94,22.38,39729
2022-11-06,Kirkuk,12,382.85,3243.56,27.64,26782
2022-11-07,Rumaila,8,136.07,3899.69,52.74,14868
2022-11-08,Zubair,17,326.2,3158.64,36.31,33493
2022-11-09,Kirkuk,19,245.98,3970.65,35.59,29050
2022-11-10,Rumaila,10,309.76,3268.43,20.51,22038
2022-11-11,Zubair,9,382.13,2671.43,28.66,28529
2022-11-12,Zubair,7,412.79,3647.2,50.32,20923
2022-11-13,Kirkuk,17,429.68,3518.35,25.76,36970
2022-11-14,Kirkuk,18,164.29,3659.48,34.53,38980
2022-11-15,Kirkuk,14,64.0,3927.16,20.5,19739
2022-11-16,Rumaila,15,382.68,3664.73,36.74,34772
2022-11-17,Kirkuk,6,97.85,3417.0,20.74,11872
2022-11-18,Zubair,13,191.71,3785.96,48.69,23912
2022-11-19,Zubair,14,51.72,3509.87,48.87,21624
2022-11-20,Kirkuk,13,356.75,3112.18,47.57,34371
2022-11-21,Kirkuk,5,125.21,3828.43,29.92,12994
2022-11-22,West Qurna,14,344.88,2832.85,49.3,30294
2022-11-23,Zubair,7,496.28,3571.96,39.0,41024
2022-11-24,Rumaila,12,82.7,3822.35,33.08,12158
2022-11-25,West Qurna,10,84.69,3596.97,41.89,16581
2022-11-26,Kirkuk,9,203.17,3545.91,20.43,22960
2022-11-27,Kirkuk,9,439.87,3628.96,25.0,30347
2022-11-28,Zubair,10,146.99,3197.58,45.98,18087
2022-11-29,Kirkuk,19,212.17,3811.26,28.55,28728
2022-11-30,Rumaila,11,80.83,2805.15,40.93,18515
2022-12-01,Zubair,5,393.42,2691.08,33.48,18149
2022-12-02,Kirkuk,13,233.74,2928.26,49.92,30386
2022-12-03,Zubair,7,391.66,3297.37,53.33,27609
2022-12-04,Kirkuk,8,456.62,3265.84,50.92,29961
2022-12-05,Kirkuk,14,154.74,3730.9,29.47,20122
2022-12-06,Kirkuk,5,413.33,3106.85,26.8,32436
2022-12-07,Rumaila,17,76.59,3226.52,36.61,19252
2022-12-08,Rumaila,15,454.48,2520.05,20.26,31940
2022-12-09,Zubair,14,342.85,3114.61,20.9,38216
2022-12-10,Kirkuk,7,443.4,3471.66,39.37,26983
2022-12-11,Kirkuk,6,50.08,2523.26,38.22,7555
2022-12-12,Rumaila,6,126.09,2921.32,54.81,16618
2022-12-13,Kirkuk,18,225.39,2811.93,27.06,30783
2022-12-14,Rumaila,5,220.78,2562.98,29.03,24611
2022-12-15,Kirkuk,12,152.03,3218.89,23.97,17464
2022-12-16,Zubair,7,221.73,2772.58,52.11,16888
2022-12-17,Kirkuk,7,107.98,3614.62,47.22,14260
2022-12-18,Kirkuk,10,235.74,3771.89,48.78,27846
2022-12-19,West Qurna,17,411.06,3318.38,51.6,45503
2022-12-20,Rumaila,12,265.58,3972.56,38.37,29514
2022-12-21,Kirkuk,17,58.1,3175.72,35.79,20770
2022-12-22,Kirkuk,19,239.65,3270.05,31.56,25531
2022-12-23,West Qurna,13,62.23,3983.83,40.62,20506
2022-12-24,West Qurna,13,484.81,2847.32,35.9,34554
2022-12-25,Rumaila,8,107.35,3913.82,35.8,20227
2022-12-26,West Qurna,18,368.46,2564.26,52.79,33584
2022-12-27,Zubair,9,487.75,3169.58,54.44,33160
2022-12-28,West Qurna,6,421.72,2605.01,47.88,19263
2022-12-29,Zubair,15,364.69,3593.85,46.49,26664
2022-12-30,Rumaila,13,427.76,3412.61,43.82,45716
