Date,Field,Production_Barrels
2022-01-01,Kirkuk,107450
2022-01-02,Kirkuk,97926
2022-01-03,Kirkuk,109715
2022-01-04,Kirkuk,122845
2022-01-05,Kirkuk,96487
2022-01-06,Kirkuk,96487
2022-01-07,Kirkuk,123688
2022-01-08,Kirkuk,111511
2022-01-09,Kirkuk,92957
2022-01-10,Kirkuk,108138
2022-01-11,Kirkuk,93048
2022-01-12,Kirkuk,93014
2022-01-13,Kirkuk,103629
2022-01-14,Kirkuk,71300
2022-01-15,Kirkuk,74126
2022-01-16,Kirkuk,91565
2022-01-17,Kirkuk,84807
2022-01-18,Kirkuk,104713
2022-01-19,Kirkuk,86379
2022-01-20,Kirkuk,78815
2022-01-21,Kirkuk,121984
2022-01-22,Kirkuk,96613
2022-01-23,Kirkuk,101012
2022-01-24,Kirkuk,78628
2022-01-25,Kirkuk,91834
2022-01-26,Kirkuk,101663
2022-01-27,Kirkuk,82735
2022-01-28,Kirkuk,105635
2022-01-29,Kirkuk,90990
2022-01-30,Kirkuk,95624
2022-01-31,Kirkuk,90974
2022-02-01,Kirkuk,127784
2022-02-02,Kirkuk,99797
2022-02-03,Kirkuk,84134
2022-02-04,Kirkuk,112338
2022-02-05,Kirkuk,81687
2022-02-06,Kirkuk,103132
2022-02-07,Kirkuk,70604
2022-02-08,Kirkuk,80077
2022-02-09,Kirkuk,102952
2022-02-10,Kirkuk,111076
2022-02-11,Kirkuk,102570
2022-02-12,Kirkuk,98265
2022-02-13,Kirkuk,95483
2022-02-14,Kirkuk,77822
2022-02-15,Kirkuk,89202
2022-02-16,Kirkuk,93090
2022-02-17,Kirkuk,115856
2022-02-18,Kirkuk,105154
2022-02-19,Kirkuk,73554
2022-02-20,Kirkuk,104861
2022-02-21,Kirkuk,94223
2022-02-22,Kirkuk,89846
2022-02-23,Kirkuk,109175
2022-02-24,Kirkuk,115464
2022-02-25,Kirkuk,113969
2022-02-26,Kirkuk,87411
2022-02-27,Kirkuk,95361
2022-02-28,Kirkuk,104968
2022-03-01,Kirkuk,114633
2022-03-02,Kirkuk,92812
2022-03-03,Kirkuk,97215
2022-03-04,Kirkuk,83404
2022-03-05,Kirkuk,82056
2022-03-06,Kirkuk,112187
2022-03-07,Kirkuk,120343
2022-03-08,Kirkuk,98919
2022-03-09,Kirkuk,115052
2022-03-10,Kirkuk,105424
2022-03-11,Kirkuk,90323
2022-03-12,Kirkuk,105420
2022-03-13,Kirkuk,123070
2022-03-14,Kirkuk,99462
2022-03-15,Kirkuk,123469
2022-03-16,Kirkuk,60703
2022-03-17,Kirkuk,112328
2022-03-18,Kirkuk,101305
2022-03-19,Kirkuk,95514
2022-03-20,Kirkuk,101376
2022-03-21,Kirkuk,70186
2022-03-22,Kirkuk,96704
2022-03-23,Kirkuk,105356
2022-03-24,Kirkuk,122168
2022-03-25,Kirkuk,92225
2022-03-26,Kirkuk,87872
2022-03-27,Kirkuk,92473
2022-03-28,Kirkuk,113731
2022-03-29,Kirkuk,104931
2022-03-30,Kirkuk,92053
2022-03-31,Kirkuk,107699
2022-04-01,Kirkuk,101456
2022-04-02,Kirkuk,114529
2022-04-03,Kirkuk,89469
2022-04-04,Kirkuk,95085
2022-04-05,Kirkuk,94118
2022-04-06,Kirkuk,78047
2022-04-07,Kirkuk,104441
2022-04-08,Kirkuk,103915
2022-04-09,Kirkuk,100076
2022-04-10,Kirkuk,96481
2022-04-11,Kirkuk,78769
2022-04-12,Kirkuk,93690
2022-04-13,Kirkuk,94859
2022-04-14,Kirkuk,87965
2022-04-15,Kirkuk,97580
2022-04-16,Kirkuk,106060
2022-04-17,Kirkuk,128292
2022-04-18,Kirkuk,102618
2022-04-19,Kirkuk,103863
2022-04-20,Kirkuk,98883
2022-04-21,Kirkuk,71218
2022-04-22,Kirkuk,99602
2022-04-23,Kirkuk,100903
2022-04-24,Kirkuk,136948
2022-04-25,Kirkuk,97114
2022-04-26,Kirkuk,104523
2022-04-27,Kirkuk,99479
2022-04-28,Kirkuk,82469
2022-04-29,Kirkuk,117142
2022-04-30,Kirkuk,111278
2022-05-01,Kirkuk,111865
2022-05-02,Kirkuk,86359
2022-05-03,Kirkuk,121041
2022-05-04,Kirkuk,78972
2022-05-05,Kirkuk,108802
2022-05-06,Kirkuk,132856
2022-05-07,Kirkuk,85141
2022-05-08,Kirkuk,91505
2022-05-09,Kirkuk,101494
2022-05-10,Kirkuk,92447
2022-05-11,Kirkuk,76740
2022-05-12,Kirkuk,101028
2022-05-13,Kirkuk,84065
2022-05-14,Kirkuk,107103
2022-05-15,Kirkuk,86208
2022-05-16,Kirkuk,123249
2022-05-17,Kirkuk,88251
2022-05-18,Kirkuk,95169
2022-05-19,Kirkuk,112202
2022-05-20,Kirkuk,81537
2022-05-21,Kirkuk,103411
2022-05-22,Kirkuk,119607
2022-05-23,Kirkuk,75887
2022-05-24,Kirkuk,102769
2022-05-25,Kirkuk,103898
2022-05-26,Kirkuk,111727
2022-05-27,Kirkuk,81445
2022-05-28,Kirkuk,80193
2022-05-29,Kirkuk,107829
2022-05-30,Kirkuk,104454
2022-05-31,Kirkuk,103757
2022-06-01,Kirkuk,105196
2022-06-02,Kirkuk,89799
2022-06-03,Kirkuk,103483
2022-06-04,Kirkuk,104396
2022-06-05,Kirkuk,89284
2022-06-06,Kirkuk,127986
2022-06-07,Kirkuk,107107
2022-06-08,Kirkuk,82130
2022-06-09,Kirkuk,109848
2022-06-10,Kirkuk,85379
2022-06-11,Kirkuk,111806
2022-06-12,Kirkuk,117378
2022-06-13,Kirkuk,87689
2022-06-14,Kirkuk,114450
2022-06-15,Kirkuk,106191
2022-06-16,Kirkuk,112330
2022-06-17,Kirkuk,128451
2022-06-18,Kirkuk,96319
2022-06-19,Kirkuk,88693
2022-06-20,Kirkuk,86657
2022-06-21,Kirkuk,87762
2022-06-22,Kirkuk,98843
2022-06-23,Kirkuk,105117
2022-06-24,Kirkuk,104150
2022-06-25,Kirkuk,112407
2022-06-26,Kirkuk,100195
2022-06-27,Kirkuk,121803
2022-06-28,Kirkuk,96030
2022-06-29,Kirkuk,140802
2022-06-30,Kirkuk,109385
2022-07-01,Kirkuk,87142
2022-07-02,Kirkuk,83936
2022-07-03,Kirkuk,107237
2022-07-04,Kirkuk,96648
2022-07-05,Kirkuk,110710
2022-07-06,Kirkuk,107098
2022-07-07,Kirkuk,98907
2022-07-08,Kirkuk,87298
2022-07-09,Kirkuk,77277
2022-07-10,Kirkuk,93302
2022-07-11,Kirkuk,112845
2022-07-12,Kirkuk,103211
2022-07-13,Kirkuk,81313
2022-07-14,Kirkuk,102597
2022-07-15,Kirkuk,105779
2022-07-16,Kirkuk,86742
2022-07-17,Kirkuk,102305
2022-07-18,Kirkuk,100873
2022-07-19,Kirkuk,82855
2022-07-20,Kirkuk,105366
2022-07-21,Kirkuk,108411
2022-07-22,Kirkuk,116245
2022-07-23,Kirkuk,115807
2022-07-24,Kirkuk,79334
2022-07-25,Kirkuk,85932
2022-07-26,Kirkuk,107725
2022-07-27,Kirkuk,107706
2022-07-28,Kirkuk,107725
2022-07-29,Kirkuk,157790
2022-07-30,Kirkuk,108563
2022-07-31,Kirkuk,117033
2022-08-01,Kirkuk,114310
2022-08-02,Kirkuk,109770
2022-08-03,Kirkuk,95270
2022-08-04,Kirkuk,111384
2022-08-05,Kirkuk,88407
2022-08-06,Kirkuk,96447
2022-08-07,Kirkuk,92719
2022-08-08,Kirkuk,101228
2022-08-09,Kirkuk,134719
2022-08-10,Kirkuk,71991
2022-08-11,Kirkuk,110293
2022-08-12,Kirkuk,75809
2022-08-13,Kirkuk,92921
2022-08-14,Kirkuk,116334
2022-08-15,Kirkuk,100964
2022-08-16,Kirkuk,83833
2022-08-17,Kirkuk,89270
2022-08-18,Kirkuk,110193
2022-08-19,Kirkuk,89044
2022-08-20,Kirkuk,103246
2022-08-21,Kirkuk,100683
2022-08-22,Kirkuk,90225
2022-08-23,Kirkuk,132159
2022-08-24,Kirkuk,109508
2022-08-25,Kirkuk,69622
2022-08-26,Kirkuk,102796
2022-08-27,Kirkuk,90073
2022-08-28,Kirkuk,112786
2022-08-29,Kirkuk,88112
2022-08-30,Kirkuk,98278
2022-08-31,Kirkuk,107574
2022-09-01,Kirkuk,112986
2022-09-02,Kirkuk,81995
2022-09-03,Kirkuk,94982
2022-09-04,Kirkuk,92875
2022-09-05,Kirkuk,90200
2022-09-06,Kirkuk,126481
2022-09-07,Kirkuk,106074
2022-09-08,Kirkuk,81086
2022-09-09,Kirkuk,113767
2022-09-10,Kirkuk,131832
2022-09-11,Kirkuk,115486
2022-09-12,Kirkuk,77209
2022-09-13,Kirkuk,92736
2022-09-14,Kirkuk,119003
2022-09-15,Kirkuk,89384
2022-09-16,Kirkuk,106657
2022-09-17,Kirkuk,111619
2022-09-18,Kirkuk,86096
2022-09-19,Kirkuk,99107
2022-09-20,Kirkuk,51380
2022-09-21,Kirkuk,84634
2022-09-22,Kirkuk,96211
2022-09-23,Kirkuk,81283
2022-09-24,Kirkuk,124486
2022-09-25,Kirkuk,78547
2022-09-26,Kirkuk,93399
2022-09-27,Kirkuk,101961
2022-09-28,Kirkuk,121619
2022-09-29,Kirkuk,78462
2022-09-30,Kirkuk,117447
2022-10-01,Kirkuk,100153
2022-10-02,Kirkuk,85277
2022-10-03,Kirkuk,106931
2022-10-04,Kirkuk,102985
2022-10-05,Kirkuk,90996
2022-10-06,Kirkuk,101047
2022-10-07,Kirkuk,94220
2022-10-08,Kirkuk,101702
2022-10-09,Kirkuk,109931
2022-10-10,Kirkuk,123790
2022-10-11,Kirkuk,81432
2022-10-12,Kirkuk,131995
2022-10-13,Kirkuk,70718
2022-10-14,Kirkuk,97723
2022-10-15,Kirkuk,108824
2022-10-16,Kirkuk,104214
2022-10-17,Kirkuk,90659
2022-10-18,Kirkuk,96878
2022-10-19,Kirkuk,92604
2022-10-20,Kirkuk,91159
2022-10-21,Kirkuk,112744
2022-10-22,Kirkuk,105355
2022-10-23,Kirkuk,89606
2022-10-24,Kirkuk,113493
2022-10-25,Kirkuk,104609
2022-10-26,Kirkuk,112192
2022-10-27,Kirkuk,109444
2022-10-28,Kirkuk,87565
2022-10-29,Kirkuk,91597
2022-10-30,Kirkuk,111209
2022-10-31,Kirkuk,109155
2022-11-01,Kirkuk,99686
2022-11-02,Kirkuk,101759
2022-11-03,Kirkuk,119164
2022-11-04,Kirkuk,91126
2022-11-05,Kirkuk,108206
2022-11-06,Kirkuk,96967
2022-11-07,Kirkuk,96734
2022-11-08,Kirkuk,116481
2022-11-09,Kirkuk,112381
2022-11-10,Kirkuk,112202
2022-11-11,Kirkuk,119582
2022-11-12,Kirkuk,100315
2022-11-13,Kirkuk,110229
2022-11-14,Kirkuk,95345
2022-11-15,Kirkuk,104862
2022-11-16,Kirkuk,98047
2022-11-17,Kirkuk,101454
2022-11-18,Kirkuk,108927
2022-11-19,Kirkuk,87726
2022-11-20,Kirkuk,131385
2022-11-21,Kirkuk,84909
2022-11-22,Kirkuk,81787
2022-11-23,Kirkuk,117371
2022-11-24,Kirkuk,111874
2022-11-25,Kirkuk,109361
2022-11-26,Kirkuk,109425
2022-11-27,Kirkuk,99816
2022-11-28,Kirkuk,86541
2022-11-29,Kirkuk,101137
2022-11-30,Kirkuk,89842
2022-12-01,Kirkuk,114626
2022-12-02,Kirkuk,97794
2022-12-03,Kirkuk,87617
2022-12-04,Kirkuk,95179
2022-12-05,Kirkuk,106193
2022-12-06,Kirkuk,91544
2022-12-07,Kirkuk,87666
2022-12-08,Kirkuk,103655
2022-12-09,Kirkuk,103674
2022-12-10,Kirkuk,92395
2022-12-11,Kirkuk,92934
2022-12-12,Kirkuk,103480
2022-12-13,Kirkuk,78278
2022-12-14,Kirkuk,78888
2022-12-15,Kirkuk,89223
2022-12-16,Kirkuk,96798
2022-12-17,Kirkuk,104663
2022-12-18,Kirkuk,122130
2022-12-19,Kirkuk,112864
2022-12-20,Kirkuk,97600
2022-12-21,Kirkuk,99714
2022-12-22,Kirkuk,84962
2022-12-23,Kirkuk,99722
2022-12-24,Kirkuk,95670
2022-12-25,Kirkuk,104840
2022-12-26,Kirkuk,87591
2022-12-27,Kirkuk,107790
2022-12-28,Kirkuk,122991
2022-12-29,Kirkuk,98368
2022-12-30,Kirkuk,106025
2022-12-31,Kirkuk,110352
2023-01-01,Kirkuk,93981
2023-01-02,Kirkuk,103361
2023-01-03,Kirkuk,100188
2023-01-04,Kirkuk,101465
2023-01-05,Kirkuk,88404
2023-01-06,Kirkuk,100367
2023-01-07,Kirkuk,107469
2023-01-08,Kirkuk,121767
2023-01-09,Kirkuk,114389
2023-01-10,Kirkuk,132297
2023-01-11,Kirkuk,88489
2023-01-12,Kirkuk,113084
2023-01-13,Kirkuk,102750
2023-01-14,Kirkuk,132847
2023-01-15,Kirkuk,87875
2023-01-16,Kirkuk,87404
2023-01-17,Kirkuk,91009
2023-01-18,Kirkuk,68141
2023-01-19,Kirkuk,92113
2023-01-20,Kirkuk,88613
2023-01-21,Kirkuk,102255
2023-01-22,Kirkuk,105126
2023-01-23,Kirkuk,128142
2023-01-24,Kirkuk,114256
2023-01-25,Kirkuk,91346
2023-01-26,Kirkuk,86523
2023-01-27,Kirkuk,107378
2023-01-28,Kirkuk,80196
2023-01-29,Kirkuk,127471
2023-01-30,Kirkuk,117691
2023-01-31,Kirkuk,92962
2023-02-01,Kirkuk,74302
2023-02-02,Kirkuk,120308
2023-02-03,Kirkuk,98281
2023-02-04,Kirkuk,118567
2023-02-05,Kirkuk,76083
2023-02-06,Kirkuk,91009
2023-02-07,Kirkuk,100078
2023-02-08,Kirkuk,100704
2023-02-09,Kirkuk,93249
2023-02-10,Kirkuk,109342
2023-02-11,Kirkuk,83985
2023-02-12,Kirkuk,97864
2023-02-13,Kirkuk,101804
2023-02-14,Kirkuk,107716
2023-02-15,Kirkuk,110674
2023-02-16,Kirkuk,83130
2023-02-17,Kirkuk,76988
2023-02-18,Kirkuk,119165
2023-02-19,Kirkuk,104984
2023-02-20,Kirkuk,88772
2023-02-21,Kirkuk,123267
2023-02-22,Kirkuk,101735
2023-02-23,Kirkuk,117689
2023-02-24,Kirkuk,101012
2023-02-25,Kirkuk,130911
2023-02-26,Kirkuk,126330
2023-02-27,Kirkuk,96265
2023-02-28,Kirkuk,114573
2023-03-01,Kirkuk,109680
2023-03-02,Kirkuk,120529
2023-03-03,Kirkuk,85526
2023-03-04,Kirkuk,110290
2023-03-05,Kirkuk,115876
2023-03-06,Kirkuk,73618
2023-03-07,Kirkuk,82251
2023-03-08,Kirkuk,69411
2023-03-09,Kirkuk,95958
2023-03-10,Kirkuk,110763
2023-03-11,Kirkuk,122535
2023-03-12,Kirkuk,101111
2023-03-13,Kirkuk,124429
2023-03-14,Kirkuk,79298
2023-03-15,Kirkuk,74449
2023-03-16,Kirkuk,99166
2023-03-17,Kirkuk,105760
2023-03-18,Kirkuk,99509
2023-03-19,Kirkuk,68988
2023-03-20,Kirkuk,98663
2023-03-21,Kirkuk,80432
2023-03-22,Kirkuk,110045
2023-03-23,Kirkuk,105498
2023-03-24,Kirkuk,85901
2023-03-25,Kirkuk,92291
2023-03-26,Kirkuk,84111
2023-03-27,Kirkuk,99059
2023-03-28,Kirkuk,114327
2023-03-29,Kirkuk,85214
2023-03-30,Kirkuk,107560
2023-03-31,Kirkuk,92046
2023-04-01,Kirkuk,88106
2023-04-02,Kirkuk,98394
2023-04-03,Kirkuk,84471
2023-04-04,Kirkuk,91695
2023-04-05,Kirkuk,82031
2023-04-06,Kirkuk,129470
2023-04-07,Kirkuk,100528
2023-04-08,Kirkuk,89504
2023-04-09,Kirkuk,103209
2023-04-10,Kirkuk,98315
2023-04-11,Kirkuk,96685
2023-04-12,Kirkuk,109212
2023-04-13,Kirkuk,111362
2023-04-14,Kirkuk,92042
2023-04-15,Kirkuk,91362
2023-04-16,Kirkuk,95874
2023-04-17,Kirkuk,65471
2023-04-18,Kirkuk,77272
2023-04-19,Kirkuk,120503
2023-04-20,Kirkuk,124674
2023-04-21,Kirkuk,96264
2023-04-22,Kirkuk,108648
2023-04-23,Kirkuk,104668
2023-04-24,Kirkuk,146183
2023-04-25,Kirkuk,116793
2023-04-26,Kirkuk,98081
2023-04-27,Kirkuk,85666
2023-04-28,Kirkuk,75903
2023-04-29,Kirkuk,103051
2023-04-30,Kirkuk,88654
2023-05-01,Kirkuk,78666
2023-05-02,Kirkuk,90301
2023-05-03,Kirkuk,83776
2023-05-04,Kirkuk,125307
2023-05-05,Kirkuk,113224
2023-05-06,Kirkuk,99880
2023-05-07,Kirkuk,122199
2023-05-08,Kirkuk,101160
2023-05-09,Kirkuk,87080
2023-05-10,Kirkuk,122846
2023-05-11,Kirkuk,108083
2023-05-12,Kirkuk,84441
2023-05-13,Kirkuk,97144
2023-05-14,Kirkuk,86865
2023-05-15,Kirkuk,79258
2023-05-16,Kirkuk,113892
2023-05-17,Kirkuk,128641
2023-05-18,Kirkuk,79021
2023-05-19,Kirkuk,108444
2023-05-20,Kirkuk,90240
2023-05-21,Kirkuk,92693
2023-05-22,Kirkuk,91114
2023-05-23,Kirkuk,87040
2023-05-24,Kirkuk,100727
2023-05-25,Kirkuk,87535
2023-05-26,Kirkuk,104056
2023-05-27,Kirkuk,99246
2023-05-28,Kirkuk,96415
2023-05-29,Kirkuk,86386
2023-05-30,Kirkuk,91348
2023-05-31,Kirkuk,111330
2023-06-01,Kirkuk,107513
2023-06-02,Kirkuk,85336
2023-06-03,Kirkuk,101489
2023-06-04,Kirkuk,111270
2023-06-05,Kirkuk,74958
2023-06-06,Kirkuk,108150
2023-06-07,Kirkuk,90060
2023-06-08,Kirkuk,108558
2023-06-09,Kirkuk,88551
2023-06-10,Kirkuk,72926
2023-06-11,Kirkuk,75586
2023-06-12,Kirkuk,100721
2023-06-13,Kirkuk,103895
2023-06-14,Kirkuk,86435
2023-06-15,Kirkuk,109578
2023-06-16,Kirkuk,75077
2023-06-17,Kirkuk,99008
2023-06-18,Kirkuk,81834
2023-06-19,Kirkuk,90222
2023-06-20,Kirkuk,100710
2023-06-21,Kirkuk,87093
2023-06-22,Kirkuk,94231
2023-06-23,Kirkuk,115094
2023-06-24,Kirkuk,91346
2023-06-25,Kirkuk,112535
2023-06-26,Kirkuk,83054
2023-06-27,Kirkuk,107947
2023-06-28,Kirkuk,121623
2023-06-29,Kirkuk,62925
2023-06-30,Kirkuk,88046
2023-07-01,Kirkuk,108656
2023-07-02,Kirkuk,96954
2023-07-03,Kirkuk,105567
2023-07-04,Kirkuk,90940
2023-07-05,Kirkuk,101298
2023-07-06,Kirkuk,97664
2023-07-07,Kirkuk,117516
2023-07-08,Kirkuk,103816
2023-07-09,Kirkuk,105064
2023-07-10,Kirkuk,93821
2023-07-11,Kirkuk,92685
2023-07-12,Kirkuk,93511
2023-07-13,Kirkuk,105916
2023-07-14,Kirkuk,93685
2023-07-15,Kirkuk,104346
2023-07-16,Kirkuk,131131
2023-07-17,Kirkuk,113066
2023-07-18,Kirkuk,95109
2023-07-19,Kirkuk,118018
2023-07-20,Kirkuk,93878
2023-07-21,Kirkuk,69428
2023-07-22,Kirkuk,84878
2023-07-23,Kirkuk,71938
2023-07-24,Kirkuk,94727
2023-07-25,Kirkuk,100276
2023-07-26,Kirkuk,125146
2023-07-27,Kirkuk,104903
2023-07-28,Kirkuk,96713
2023-07-29,Kirkuk,112441
2023-07-30,Kirkuk,66832
2023-07-31,Kirkuk,103534
2023-08-01,Kirkuk,111562
2023-08-02,Kirkuk,77821
2023-08-03,Kirkuk,117156
2023-08-04,Kirkuk,105077
2023-08-05,Kirkuk,93770
2023-08-06,Kirkuk,109491
2023-08-07,Kirkuk,134060
2023-08-08,Kirkuk,102727
2023-08-09,Kirkuk,103723
2023-08-10,Kirkuk,93109
2023-08-11,Kirkuk,87252
2023-08-12,Kirkuk,112455
2023-08-13,Kirkuk,87158
2023-08-14,Kirkuk,101073
2023-08-15,Kirkuk,92835
2023-08-16,Kirkuk,107184
2023-08-17,Kirkuk,105004
2023-08-18,Kirkuk,115563
2023-08-19,Kirkuk,92349
2023-08-20,Kirkuk,95951
2023-08-21,Kirkuk,85318
2023-08-22,Kirkuk,93335
2023-08-23,Kirkuk,105659
2023-08-24,Kirkuk,111354
2023-08-25,Kirkuk,86167
2023-08-26,Kirkuk,113044
2023-08-27,Kirkuk,120334
2023-08-28,Kirkuk,106201
2023-08-29,Kirkuk,128151
2023-08-30,Kirkuk,88393
2023-08-31,Kirkuk,81330
2023-09-01,Kirkuk,73319
2023-09-02,Kirkuk,122440
2023-09-03,Kirkuk,109815
2023-09-04,Kirkuk,99166
2023-09-05,Kirkuk,104199
2023-09-06,Kirkuk,83117
2023-09-07,Kirkuk,136686
2023-09-08,Kirkuk,101938
2023-09-09,Kirkuk,101640
2023-09-10,Kirkuk,110886
2023-09-11,Kirkuk,107215
2023-09-12,Kirkuk,103358
2023-09-13,Kirkuk,88142
2023-09-14,Kirkuk,107072
2023-09-15,Kirkuk,128230
2023-09-16,Kirkuk,120181
2023-09-17,Kirkuk,123897
2023-09-18,Kirkuk,92331
2023-09-19,Kirkuk,85155
2023-09-20,Kirkuk,98113
2023-09-21,Kirkuk,100835
2023-09-22,Kirkuk,116412
2023-09-23,Kirkuk,74613
2023-09-24,Kirkuk,122943
2023-09-25,Kirkuk,97629
2023-09-26,Kirkuk,93596
2023-09-27,Kirkuk,84818
2023-09-28,Kirkuk,75177
2023-09-29,Kirkuk,112347
2023-09-30,Kirkuk,101099
2023-10-01,Kirkuk,80650
2023-10-02,Kirkuk,80573
2023-10-03,Kirkuk,94963
2023-10-04,Kirkuk,125035
2023-10-05,Kirkuk,96106
2023-10-06,Kirkuk,77452
2023-10-07,Kirkuk,96313
2023-10-08,Kirkuk,95909
2023-10-09,Kirkuk,59546
2023-10-10,Kirkuk,99185
2023-10-11,Kirkuk,96535
2023-10-12,Kirkuk,110443
2023-10-13,Kirkuk,127734
2023-10-14,Kirkuk,116898
2023-10-15,Kirkuk,95966
2023-10-16,Kirkuk,83402
2023-10-17,Kirkuk,138600
2023-10-18,Kirkuk,100888
2023-10-19,Kirkuk,100208
2023-10-20,Kirkuk,99638
2023-10-21,Kirkuk,102971
2023-10-22,Kirkuk,97834
2023-10-23,Kirkuk,91395
2023-10-24,Kirkuk,91797
2023-10-25,Kirkuk,99508
2023-10-26,Kirkuk,91848
2023-10-27,Kirkuk,89307
2023-10-28,Kirkuk,101596
2023-10-29,Kirkuk,96175
2023-10-30,Kirkuk,122559
2023-10-31,Kirkuk,60235
2023-11-01,Kirkuk,116372
2023-11-02,Kirkuk,118691
2023-11-03,Kirkuk,68899
2023-11-04,Kirkuk,94859
2023-11-05,Kirkuk,94428
2023-11-06,Kirkuk,78887
2023-11-07,Kirkuk,88332
2023-11-08,Kirkuk,83341
2023-11-09,Kirkuk,126284
2023-11-10,Kirkuk,114035
2023-11-11,Kirkuk,119073
2023-11-12,Kirkuk,110825
2023-11-13,Kirkuk,83064
2023-11-14,Kirkuk,92132
2023-11-15,Kirkuk,107340
2023-11-16,Kirkuk,81668
2023-11-17,Kirkuk,110694
2023-11-18,Kirkuk,96395
2023-11-19,Kirkuk,94377
2023-11-20,Kirkuk,110664
2023-11-21,Kirkuk,106663
2023-11-22,Kirkuk,94585
2023-11-23,Kirkuk,117389
2023-11-24,Kirkuk,83784
2023-11-25,Kirkuk,109239
2023-11-26,Kirkuk,108896
2023-11-27,Kirkuk,95356
2023-11-28,Kirkuk,104891
2023-11-29,Kirkuk,81233
2023-11-30,Kirkuk,113860
2023-12-01,Kirkuk,97226
2023-12-02,Kirkuk,92159
2023-12-03,Kirkuk,115735
2023-12-04,Kirkuk,89434
2023-12-05,Kirkuk,78873
2023-12-06,Kirkuk,76650
2023-12-07,Kirkuk,109090
2023-12-08,Kirkuk,80793
2023-12-09,Kirkuk,126321
2023-12-10,Kirkuk,68771
2023-12-11,Kirkuk,125446
2023-12-12,Kirkuk,103165
2023-12-13,Kirkuk,98549
2023-12-14,Kirkuk,91826
2023-12-15,Kirkuk,105987
2023-12-16,Kirkuk,99435
2023-12-17,Kirkuk,116549
2023-12-18,Kirkuk,101713
2023-12-19,Kirkuk,102254
2023-12-20,Kirkuk,94545
2023-12-21,Kirkuk,99145
2023-12-22,Kirkuk,104617
2023-12-23,Kirkuk,74347
2023-12-24,Kirkuk,79777
2023-12-25,Kirkuk,111148
2023-12-26,Kirkuk,102562
2023-12-27,Kirkuk,97240
2023-12-28,Kirkuk,100276
2023-12-29,Kirkuk,105213
2023-12-30,Kirkuk,91903
2023-12-31,Kirkuk,88325
2022-01-01,Basra,102937
2022-01-02,Basra,85324
2022-01-03,Basra,106123
2022-01-04,Basra,74461
2022-01-05,Basra,115437
2022-01-06,Basra,107088
2022-01-07,Basra,103840
2022-01-08,Basra,114740
2022-01-09,Basra,124982
2022-01-10,Basra,115215
2022-01-11,Basra,72386
2022-01-12,Basra,80806
2022-01-13,Basra,90627
2022-01-14,Basra,100391
2022-01-15,Basra,107764
2022-01-16,Basra,89113
2022-01-17,Basra,102801
2022-01-18,Basra,88669
2022-01-19,Basra,90827
2022-01-20,Basra,78900
2022-01-21,Basra,86151
2022-01-22,Basra,79724
2022-01-23,Basra,85361
2022-01-24,Basra,115804
2022-01-25,Basra,85759
2022-01-26,Basra,139485
2022-01-27,Basra,107399
2022-01-28,Basra,102772
2022-01-29,Basra,87124
2022-01-30,Basra,110504
2022-01-31,Basra,91365
2022-02-01,Basra,101830
2022-02-02,Basra,138401
2022-02-03,Basra,98559
2022-02-04,Basra,117239
2022-02-05,Basra,89452
2022-02-06,Basra,99475
2022-02-07,Basra,126562
2022-02-08,Basra,90595
2022-02-09,Basra,127186
2022-02-10,Basra,110616
2022-02-11,Basra,91562
2022-02-12,Basra,109486
2022-02-13,Basra,114588
2022-02-14,Basra,109327
2022-02-15,Basra,76446
2022-02-16,Basra,89092
2022-02-17,Basra,96287
2022-02-18,Basra,98883
2022-02-19,Basra,109310
2022-02-20,Basra,102665
2022-02-21,Basra,79969
2022-02-22,Basra,105702
2022-02-23,Basra,109158
2022-02-24,Basra,108396
2022-02-25,Basra,116211
2022-02-26,Basra,112508
2022-02-27,Basra,106887
2022-02-28,Basra,98947
2022-03-01,Basra,75085
2022-03-02,Basra,106444
2022-03-03,Basra,103115
2022-03-04,Basra,104073
2022-03-05,Basra,80848
2022-03-06,Basra,83784
2022-03-07,Basra,115797
2022-03-08,Basra,99406
2022-03-09,Basra,110222
2022-03-10,Basra,100424
2022-03-11,Basra,100446
2022-03-12,Basra,114074
2022-03-13,Basra,92259
2022-03-14,Basra,101441
2022-03-15,Basra,93065
2022-03-16,Basra,93482
2022-03-17,Basra,95362
2022-03-18,Basra,103332
2022-03-19,Basra,92818
2022-03-20,Basra,118836
2022-03-21,Basra,86580
2022-03-22,Basra,97196
2022-03-23,Basra,93404
2022-03-24,Basra,121704
2022-03-25,Basra,102948
2022-03-26,Basra,115477
2022-03-27,Basra,77716
2022-03-28,Basra,104005
2022-03-29,Basra,113344
2022-03-30,Basra,101234
2022-03-31,Basra,115982
2022-04-01,Basra,92240
2022-04-02,Basra,121140
2022-04-03,Basra,134483
2022-04-04,Basra,94557
2022-04-05,Basra,93317
2022-04-06,Basra,121800
2022-04-07,Basra,123693
2022-04-08,Basra,92157
2022-04-09,Basra,93697
2022-04-10,Basra,95773
2022-04-11,Basra,79833
2022-04-12,Basra,86220
2022-04-13,Basra,84937
2022-04-14,Basra,88483
2022-04-15,Basra,99479
2022-04-16,Basra,103513
2022-04-17,Basra,123257
2022-04-18,Basra,85024
2022-04-19,Basra,114764
2022-04-20,Basra,96790
2022-04-21,Basra,99258
2022-04-22,Basra,110122
2022-04-23,Basra,83159
2022-04-24,Basra,105736
2022-04-25,Basra,102496
2022-04-26,Basra,107386
2022-04-27,Basra,104337
2022-04-28,Basra,136829
2022-04-29,Basra,90433
2022-04-30,Basra,92035
2022-05-01,Basra,90652
2022-05-02,Basra,91667
2022-05-03,Basra,90439
2022-05-04,Basra,117835
2022-05-05,Basra,121307
2022-05-06,Basra,91438
2022-05-07,Basra,87514
2022-05-08,Basra,107071
2022-05-09,Basra,91716
2022-05-10,Basra,109493
2022-05-11,Basra,103043
2022-05-12,Basra,77263
2022-05-13,Basra,123212
2022-05-14,Basra,126938
2022-05-15,Basra,90808
2022-05-16,Basra,94184
2022-05-17,Basra,104287
2022-05-18,Basra,105016
2022-05-19,Basra,109878
2022-05-20,Basra,130153
2022-05-21,Basra,97345
2022-05-22,Basra,88025
2022-05-23,Basra,79310
2022-05-24,Basra,89036
2022-05-25,Basra,99503
2022-05-26,Basra,126918
2022-05-27,Basra,92235
2022-05-28,Basra,103356
2022-05-29,Basra,99753
2022-05-30,Basra,117825
2022-05-31,Basra,137903
2022-06-01,Basra,92036
2022-06-02,Basra,92658
2022-06-03,Basra,115662
2022-06-04,Basra,110228
2022-06-05,Basra,127700
2022-06-06,Basra,108758
2022-06-07,Basra,94610
2022-06-08,Basra,108859
2022-06-09,Basra,116630
2022-06-10,Basra,112307
2022-06-11,Basra,107609
2022-06-12,Basra,116000
2022-06-13,Basra,117539
2022-06-14,Basra,120732
2022-06-15,Basra,109730
2022-06-16,Basra,97493
2022-06-17,Basra,102200
2022-06-18,Basra,118097
2022-06-19,Basra,87745
2022-06-20,Basra,105530
2022-06-21,Basra,94099
2022-06-22,Basra,100431
2022-06-23,Basra,119176
2022-06-24,Basra,102866
2022-06-25,Basra,100696
2022-06-26,Basra,79602
2022-06-27,Basra,111193
2022-06-28,Basra,109682
2022-06-29,Basra,132448
2022-06-30,Basra,95383
2022-07-01,Basra,103287
2022-07-02,Basra,103740
2022-07-03,Basra,123661
2022-07-04,Basra,98570
2022-07-05,Basra,104185
2022-07-06,Basra,109118
2022-07-07,Basra,102799
2022-07-08,Basra,93303
2022-07-09,Basra,102911
2022-07-10,Basra,116104
2022-07-11,Basra,84602
2022-07-12,Basra,101994
2022-07-13,Basra,89498
2022-07-14,Basra,117925
2022-07-15,Basra,77152
2022-07-16,Basra,91616
2022-07-17,Basra,105658
2022-07-18,Basra,123482
2022-07-19,Basra,99013
2022-07-20,Basra,91672
2022-07-21,Basra,128217
2022-07-22,Basra,78279
2022-07-23,Basra,67017
2022-07-24,Basra,106600
2022-07-25,Basra,92469
2022-07-26,Basra,84681
2022-07-27,Basra,110625
2022-07-28,Basra,103657
2022-07-29,Basra,91538
2022-07-30,Basra,80795
2022-07-31,Basra,113086
2022-08-01,Basra,109753
2022-08-02,Basra,98512
2022-08-03,Basra,127699
2022-08-04,Basra,83948
2022-08-05,Basra,77117
2022-08-06,Basra,89621
2022-08-07,Basra,99316
2022-08-08,Basra,103650
2022-08-09,Basra,96381
2022-08-10,Basra,105280
2022-08-11,Basra,81226
2022-08-12,Basra,121656
2022-08-13,Basra,98767
2022-08-14,Basra,116759
2022-08-15,Basra,105140
2022-08-16,Basra,106851
2022-08-17,Basra,108546
2022-08-18,Basra,106715
2022-08-19,Basra,109640
2022-08-20,Basra,119937
2022-08-21,Basra,102947
2022-08-22,Basra,110635
2022-08-23,Basra,98653
2022-08-24,Basra,121601
2022-08-25,Basra,89854
2022-08-26,Basra,127014
2022-08-27,Basra,99397
2022-08-28,Basra,78538
2022-08-29,Basra,101921
2022-08-30,Basra,89784
2022-08-31,Basra,112609
2022-09-01,Basra,90210
2022-09-02,Basra,93307
2022-09-03,Basra,71656
2022-09-04,Basra,93215
2022-09-05,Basra,63641
2022-09-06,Basra,76241
2022-09-07,Basra,111406
2022-09-08,Basra,111787
2022-09-09,Basra,106381
2022-09-10,Basra,85495
2022-09-11,Basra,99284
2022-09-12,Basra,99945
2022-09-13,Basra,82624
2022-09-14,Basra,122550
2022-09-15,Basra,113160
2022-09-16,Basra,96685
2022-09-17,Basra,100403
2022-09-18,Basra,103125
2022-09-19,Basra,69373
2022-09-20,Basra,96292
2022-09-21,Basra,89770
2022-09-22,Basra,84975
2022-09-23,Basra,95783
2022-09-24,Basra,126965
2022-09-25,Basra,109612
2022-09-26,Basra,91432
2022-09-27,Basra,108588
2022-09-28,Basra,120990
2022-09-29,Basra,113869
2022-09-30,Basra,100894
2022-10-01,Basra,90295
2022-10-02,Basra,110473
2022-10-03,Basra,105902
2022-10-04,Basra,113427
2022-10-05,Basra,109527
2022-10-06,Basra,115743
2022-10-07,Basra,91971
2022-10-08,Basra,119760
2022-10-09,Basra,102963
2022-10-10,Basra,131128
2022-10-11,Basra,89662
2022-10-12,Basra,126039
2022-10-13,Basra,102968
2022-10-14,Basra,90228
2022-10-15,Basra,92741
2022-10-16,Basra,95194
2022-10-17,Basra,106362
2022-10-18,Basra,107842
2022-10-19,Basra,91394
2022-10-20,Basra,99634
2022-10-21,Basra,132134
2022-10-22,Basra,125913
2022-10-23,Basra,106544
2022-10-24,Basra,100570
2022-10-25,Basra,101800
2022-10-26,Basra,109202
2022-10-27,Basra,84658
2022-10-28,Basra,96139
2022-10-29,Basra,74971
2022-10-30,Basra,105988
2022-10-31,Basra,109707
2022-11-01,Basra,92752
2022-11-02,Basra,123609
2022-11-03,Basra,81613
2022-11-04,Basra,78034
2022-11-05,Basra,103366
2022-11-06,Basra,115706
2022-11-07,Basra,125258
2022-11-08,Basra,93116
2022-11-09,Basra,116180
2022-11-10,Basra,99422
2022-11-11,Basra,97410
2022-11-12,Basra,113254
2022-11-13,Basra,109784
2022-11-14,Basra,76354
2022-11-15,Basra,122148
2022-11-16,Basra,120701
2022-11-17,Basra,90616
2022-11-18,Basra,105937
2022-11-19,Basra,107410
2022-11-20,Basra,103910
2022-11-21,Basra,91745
2022-11-22,Basra,89925
2022-11-23,Basra,99616
2022-11-24,Basra,117590
2022-11-25,Basra,108154
2022-11-26,Basra,94440
2022-11-27,Basra,111575
2022-11-28,Basra,57271
2022-11-29,Basra,117231
2022-11-30,Basra,73904
2022-12-01,Basra,94563
2022-12-02,Basra,83204
2022-12-03,Basra,80579
2022-12-04,Basra,117412
2022-12-05,Basra,92984
2022-12-06,Basra,105197
2022-12-07,Basra,99296
2022-12-08,Basra,107155
2022-12-09,Basra,101152
2022-12-10,Basra,80755
2022-12-11,Basra,114944
2022-12-12,Basra,92593
2022-12-13,Basra,76651
2022-12-14,Basra,93578
2022-12-15,Basra,122511
2022-12-16,Basra,112753
2022-12-17,Basra,94770
2022-12-18,Basra,94761
2022-12-19,Basra,95175
2022-12-20,Basra,131151
2022-12-21,Basra,105729
2022-12-22,Basra,106450
2022-12-23,Basra,115454
2022-12-24,Basra,103581
2022-12-25,Basra,96114
2022-12-26,Basra,97054
2022-12-27,Basra,98925
2022-12-28,Basra,99441
2022-12-29,Basra,110914
2022-12-30,Basra,100779
2022-12-31,Basra,110989
2023-01-01,Basra,98789
2023-01-02,Basra,101179
2023-01-03,Basra,70026
2023-01-04,Basra,113744
2023-01-05,Basra,105197
2023-01-06,Basra,114970
2023-01-07,Basra,56556
2023-01-08,Basra,131325
2023-01-09,Basra,97906
2023-01-10,Basra,116622
2023-01-11,Basra,84401
2023-01-12,Basra,109191
2023-01-13,Basra,84198
2023-01-14,Basra,90643
2023-01-15,Basra,128710
2023-01-16,Basra,97139
2023-01-17,Basra,103261
2023-01-18,Basra,113051
2023-01-19,Basra,107435
2023-01-20,Basra,102256
2023-01-21,Basra,105474
2023-01-22,Basra,136051
2023-01-23,Basra,99135
2023-01-24,Basra,103016
2023-01-25,Basra,115759
2023-01-26,Basra,116582
2023-01-27,Basra,117805
2023-01-28,Basra,109580
2023-01-29,Basra,82854
2023-01-30,Basra,124501
2023-01-31,Basra,82804
2023-02-01,Basra,104539
2023-02-02,Basra,88685
2023-02-03,Basra,99037
2023-02-04,Basra,104931
2023-02-05,Basra,104820
2023-02-06,Basra,106328
2023-02-07,Basra,124205
2023-02-08,Basra,106803
2023-02-09,Basra,96337
2023-02-10,Basra,114461
2023-02-11,Basra,117842
2023-02-12,Basra,81585
2023-02-13,Basra,108961
2023-02-14,Basra,110517
2023-02-15,Basra,95536
2023-02-16,Basra,120635
2023-02-17,Basra,97749
2023-02-18,Basra,101883
2023-02-19,Basra,97403
2023-02-20,Basra,100233
2023-02-21,Basra,83555
2023-02-22,Basra,78399
2023-02-23,Basra,123917
2023-02-24,Basra,87295
2023-02-25,Basra,85129
2023-02-26,Basra,67699
2023-02-27,Basra,90415
2023-02-28,Basra,80153
2023-03-01,Basra,124630
2023-03-02,Basra,115147
2023-03-03,Basra,89677
2023-03-04,Basra,133786
2023-03-05,Basra,114726
2023-03-06,Basra,95127
2023-03-07,Basra,62508
2023-03-08,Basra,134364
2023-03-09,Basra,79156
2023-03-10,Basra,75319
2023-03-11,Basra,115338
2023-03-12,Basra,136596
2023-03-13,Basra,120764
2023-03-14,Basra,108458
2023-03-15,Basra,108921
2023-03-16,Basra,112801
2023-03-17,Basra,111383
2023-03-18,Basra,104217
2023-03-19,Basra,101563
2023-03-20,Basra,99061
2023-03-21,Basra,88690
2023-03-22,Basra,95789
2023-03-23,Basra,74605
2023-03-24,Basra,98524
2023-03-25,Basra,85171
2023-03-26,Basra,83446
2023-03-27,Basra,102698
2023-03-28,Basra,120880
2023-03-29,Basra,113774
2023-03-30,Basra,76442
2023-03-31,Basra,85155
2023-04-01,Basra,114111
2023-04-02,Basra,85262
2023-04-03,Basra,96630
2023-04-04,Basra,108250
2023-04-05,Basra,85474
2023-04-06,Basra,101580
2023-04-07,Basra,79989
2023-04-08,Basra,90979
2023-04-09,Basra,104796
2023-04-10,Basra,76105
2023-04-11,Basra,106607
2023-04-12,Basra,99705
2023-04-13,Basra,108287
2023-04-14,Basra,103358
2023-04-15,Basra,120462
2023-04-16,Basra,101878
2023-04-17,Basra,93558
2023-04-18,Basra,101834
2023-04-19,Basra,108149
2023-04-20,Basra,100732
2023-04-21,Basra,100608
2023-04-22,Basra,89470
2023-04-23,Basra,90056
2023-04-24,Basra,78960
2023-04-25,Basra,126243
2023-04-26,Basra,81342
2023-04-27,Basra,89606
2023-04-28,Basra,89223
2023-04-29,Basra,113423
2023-04-30,Basra,95575
2023-05-01,Basra,118716
2023-05-02,Basra,89897
2023-05-03,Basra,104184
2023-05-04,Basra,87469
2023-05-05,Basra,132177
2023-05-06,Basra,82186
2023-05-07,Basra,104647
2023-05-08,Basra,109506
2023-05-09,Basra,106206
2023-05-10,Basra,97220
2023-05-11,Basra,98052
2023-05-12,Basra,100657
2023-05-13,Basra,97794
2023-05-14,Basra,114458
2023-05-15,Basra,133157
2023-05-16,Basra,91637
2023-05-17,Basra,79452
2023-05-18,Basra,98675
2023-05-19,Basra,138695
2023-05-20,Basra,87944
2023-05-21,Basra,124586
2023-05-22,Basra,125165
2023-05-23,Basra,91696
2023-05-24,Basra,108534
2023-05-25,Basra,124425
2023-05-26,Basra,94313
2023-05-27,Basra,96946
2023-05-28,Basra,91274
2023-05-29,Basra,84778
2023-05-30,Basra,90260
2023-05-31,Basra,81640
2023-06-01,Basra,100511
2023-06-02,Basra,88450
2023-06-03,Basra,103506
2023-06-04,Basra,76661
2023-06-05,Basra,104963
2023-06-06,Basra,112502
2023-06-07,Basra,70093
2023-06-08,Basra,105610
2023-06-09,Basra,118415
2023-06-10,Basra,81855
2023-06-11,Basra,125088
2023-06-12,Basra,106285
2023-06-13,Basra,89424
2023-06-14,Basra,99163
2023-06-15,Basra,108374
2023-06-16,Basra,101140
2023-06-17,Basra,108081
2023-06-18,Basra,86189
2023-06-19,Basra,102540
2023-06-20,Basra,78794
2023-06-21,Basra,98331
2023-06-22,Basra,86441
2023-06-23,Basra,88967
2023-06-24,Basra,118541
2023-06-25,Basra,116369
2023-06-26,Basra,109137
2023-06-27,Basra,83615
2023-06-28,Basra,95253
2023-06-29,Basra,118196
2023-06-30,Basra,102125
2023-07-01,Basra,134789
2023-07-02,Basra,105899
2023-07-03,Basra,102880
2023-07-04,Basra,95363
2023-07-05,Basra,102003
2023-07-06,Basra,97712
2023-07-07,Basra,110621
2023-07-08,Basra,114350
2023-07-09,Basra,88210
2023-07-10,Basra,80031
2023-07-11,Basra,72456
2023-07-12,Basra,107619
2023-07-13,Basra,83449
2023-07-14,Basra,67706
2023-07-15,Basra,105828
2023-07-16,Basra,137394
2023-07-17,Basra,99908
2023-07-18,Basra,112577
2023-07-19,Basra,101227
2023-07-20,Basra,98516
2023-07-21,Basra,113786
2023-07-22,Basra,95645
2023-07-23,Basra,104010
2023-07-24,Basra,104825
2023-07-25,Basra,89978
2023-07-26,Basra,114880
2023-07-27,Basra,97375
2023-07-28,Basra,88663
2023-07-29,Basra,108047
2023-07-30,Basra,86522
2023-07-31,Basra,100422
2023-08-01,Basra,99863
2023-08-02,Basra,116288
2023-08-03,Basra,107120
2023-08-04,Basra,99624
2023-08-05,Basra,112266
2023-08-06,Basra,120853
2023-08-07,Basra,108367
2023-08-08,Basra,100155
2023-08-09,Basra,80322
2023-08-10,Basra,84023
2023-08-11,Basra,95421
2023-08-12,Basra,90857
2023-08-13,Basra,97195
2023-08-14,Basra,100849
2023-08-15,Basra,107945
2023-08-16,Basra,98942
2023-08-17,Basra,107297
2023-08-18,Basra,100967
2023-08-19,Basra,70368
2023-08-20,Basra,85909
2023-08-21,Basra,97838
2023-08-22,Basra,81854
2023-08-23,Basra,108998
2023-08-24,Basra,122961
2023-08-25,Basra,118281
2023-08-26,Basra,96798
2023-08-27,Basra,122360
2023-08-28,Basra,102230
2023-08-29,Basra,94943
2023-08-30,Basra,90798
2023-08-31,Basra,95462
2023-09-01,Basra,94177
2023-09-02,Basra,102556
2023-09-03,Basra,102408
2023-09-04,Basra,100045
2023-09-05,Basra,106554
2023-09-06,Basra,117859
2023-09-07,Basra,114243
2023-09-08,Basra,77726
2023-09-09,Basra,61691
2023-09-10,Basra,114014
2023-09-11,Basra,79496
2023-09-12,Basra,96628
2023-09-13,Basra,82448
2023-09-14,Basra,72970
2023-09-15,Basra,108121
2023-09-16,Basra,111387
2023-09-17,Basra,91352
2023-09-18,Basra,61134
2023-09-19,Basra,91806
2023-09-20,Basra,105877
2023-09-21,Basra,77816
2023-09-22,Basra,102750
2023-09-23,Basra,99770
2023-09-24,Basra,108689
2023-09-25,Basra,101793
2023-09-26,Basra,85403
2023-09-27,Basra,117948
2023-09-28,Basra,97622
2023-09-29,Basra,99590
2023-09-30,Basra,86000
2023-10-01,Basra,93350
2023-10-02,Basra,86727
2023-10-03,Basra,97405
2023-10-04,Basra,125675
2023-10-05,Basra,79421
2023-10-06,Basra,75796
2023-10-07,Basra,122067
2023-10-08,Basra,96860
2023-10-09,Basra,89963
2023-10-10,Basra,115598
2023-10-11,Basra,90915
2023-10-12,Basra,127390
2023-10-13,Basra,110168
2023-10-14,Basra,92681
2023-10-15,Basra,132359
2023-10-16,Basra,90914
2023-10-17,Basra,111131
2023-10-18,Basra,104489
2023-10-19,Basra,119526
2023-10-20,Basra,123422
2023-10-21,Basra,100480
2023-10-22,Basra,88698
2023-10-23,Basra,106899
2023-10-24,Basra,89834
2023-10-25,Basra,130200
2023-10-26,Basra,102048
2023-10-27,Basra,94520
2023-10-28,Basra,102770
2023-10-29,Basra,79793
2023-10-30,Basra,85425
2023-10-31,Basra,118006
2023-11-01,Basra,90146
2023-11-02,Basra,84296
2023-11-03,Basra,108049
2023-11-04,Basra,117785
2023-11-05,Basra,110784
2023-11-06,Basra,114940
2023-11-07,Basra,88648
2023-11-08,Basra,78672
2023-11-09,Basra,122520
2023-11-10,Basra,95159
2023-11-11,Basra,96237
2023-11-12,Basra,119922
2023-11-13,Basra,108343
2023-11-14,Basra,106838
2023-11-15,Basra,132475
2023-11-16,Basra,90347
2023-11-17,Basra,113917
2023-11-18,Basra,100855
2023-11-19,Basra,104028
2023-11-20,Basra,122927
2023-11-21,Basra,107617
2023-11-22,Basra,108074
2023-11-23,Basra,116087
2023-11-24,Basra,94525
2023-11-25,Basra,87411
2023-11-26,Basra,84327
2023-11-27,Basra,70504
2023-11-28,Basra,130843
2023-11-29,Basra,83451
2023-11-30,Basra,96681
2023-12-01,Basra,95847
2023-12-02,Basra,104611
2023-12-03,Basra,112236
2023-12-04,Basra,112907
2023-12-05,Basra,91253
2023-12-06,Basra,97493
2023-12-07,Basra,104238
2023-12-08,Basra,96269
2023-12-09,Basra,124110
2023-12-10,Basra,107364
2023-12-11,Basra,111023
2023-12-12,Basra,109943
2023-12-13,Basra,117602
2023-12-14,Basra,102715
2023-12-15,Basra,80547
2023-12-16,Basra,105995
2023-12-17,Basra,90229
2023-12-18,Basra,92070
2023-12-19,Basra,108795
2023-12-20,Basra,118574
2023-12-21,Basra,100319
2023-12-22,Basra,104632
2023-12-23,Basra,125533
2023-12-24,Basra,103611
2023-12-25,Basra,139025
2023-12-26,Basra,108482
2023-12-27,Basra,73588
2023-12-28,Basra,111300
2023-12-29,Basra,105717
2023-12-30,Basra,119346
2023-12-31,Basra,110097
2022-01-01,Rumaila,97923
2022-01-02,Rumaila,81635
2022-01-03,Rumaila,96864
2022-01-04,Rumaila,87242
2022-01-05,Rumaila,91292
2022-01-06,Rumaila,108828
2022-01-07,Rumaila,125048
2022-01-08,Rumaila,105920
2022-01-09,Rumaila,82061
2022-01-10,Rumaila,106669
2022-01-11,Rumaila,117949
2022-01-12,Rumaila,90853
2022-01-13,Rumaila,97989
2022-01-14,Rumaila,100220
2022-01-15,Rumaila,88226
2022-01-16,Rumaila,109724
2022-01-17,Rumaila,98185
2022-01-18,Rumaila,106292
2022-01-19,Rumaila,86687
2022-01-20,Rumaila,93438
2022-01-21,Rumaila,110835
2022-01-22,Rumaila,94407
2022-01-23,Rumaila,125904
2022-01-24,Rumaila,94005
2022-01-25,Rumaila,103370
2022-01-26,Rumaila,113988
2022-01-27,Rumaila,78724
2022-01-28,Rumaila,73587
2022-01-29,Rumaila,77115
2022-01-30,Rumaila,118938
2022-01-31,Rumaila,91722
2022-02-01,Rumaila,138372
2022-02-02,Rumaila,91536
2022-02-03,Rumaila,102768
2022-02-04,Rumaila,123131
2022-02-05,Rumaila,130091
2022-02-06,Rumaila,130922
2022-02-07,Rumaila,118125
2022-02-08,Rumaila,115360
2022-02-09,Rumaila,108887
2022-02-10,Rumaila,111675
2022-02-11,Rumaila,91732
2022-02-12,Rumaila,87727
2022-02-13,Rumaila,99949
2022-02-14,Rumaila,97447
2022-02-15,Rumaila,93201
2022-02-16,Rumaila,110445
2022-02-17,Rumaila,114329
2022-02-18,Rumaila,101326
2022-02-19,Rumaila,122162
2022-02-20,Rumaila,82874
2022-02-21,Rumaila,97095
2022-02-22,Rumaila,89247
2022-02-23,Rumaila,72001
2022-02-24,Rumaila,98759
2022-02-25,Rumaila,98173
2022-02-26,Rumaila,122701
2022-02-27,Rumaila,109462
2022-02-28,Rumaila,84637
2022-03-01,Rumaila,127811
2022-03-02,Rumaila,118315
2022-03-03,Rumaila,108731
2022-03-04,Rumaila,96602
2022-03-05,Rumaila,85608
2022-03-06,Rumaila,94416
2022-03-07,Rumaila,116331
2022-03-08,Rumaila,128268
2022-03-09,Rumaila,123148
2022-03-10,Rumaila,92667
2022-03-11,Rumaila,83205
2022-03-12,Rumaila,102113
2022-03-13,Rumaila,73473
2022-03-14,Rumaila,104847
2022-03-15,Rumaila,97785
2022-03-16,Rumaila,93009
2022-03-17,Rumaila,76079
2022-03-18,Rumaila,107704
2022-03-19,Rumaila,92009
2022-03-20,Rumaila,82451
2022-03-21,Rumaila,56916
2022-03-22,Rumaila,99587
2022-03-23,Rumaila,126583
2022-03-24,Rumaila,124918
2022-03-25,Rumaila,93143
2022-03-26,Rumaila,90966
2022-03-27,Rumaila,107031
2022-03-28,Rumaila,85024
2022-03-29,Rumaila,104526
2022-03-30,Rumaila,111491
2022-03-31,Rumaila,118403
2022-04-01,Rumaila,98497
2022-04-02,Rumaila,96944
2022-04-03,Rumaila,86830
2022-04-04,Rumaila,87596
2022-04-05,Rumaila,96602
2022-04-06,Rumaila,105510
2022-04-07,Rumaila,113703
2022-04-08,Rumaila,87952
2022-04-09,Rumaila,122390
2022-04-10,Rumaila,95933
2022-04-11,Rumaila,99679
2022-04-12,Rumaila,88791
2022-04-13,Rumaila,63636
2022-04-14,Rumaila,113260
2022-04-15,Rumaila,111052
2022-04-16,Rumaila,95780
2022-04-17,Rumaila,101004
2022-04-18,Rumaila,107739
2022-04-19,Rumaila,76561
2022-04-20,Rumaila,92064
2022-04-21,Rumaila,111913
2022-04-22,Rumaila,81185
2022-04-23,Rumaila,104403
2022-04-24,Rumaila,79651
2022-04-25,Rumaila,106996
2022-04-26,Rumaila,99465
2022-04-27,Rumaila,75773
2022-04-28,Rumaila,117471
2022-04-29,Rumaila,88981
2022-04-30,Rumaila,87846
2022-05-01,Rumaila,103008
2022-05-02,Rumaila,117229
2022-05-03,Rumaila,84762
2022-05-04,Rumaila,100925
2022-05-05,Rumaila,106432
2022-05-06,Rumaila,110396
2022-05-07,Rumaila,102646
2022-05-08,Rumaila,94494
2022-05-09,Rumaila,87586
2022-05-10,Rumaila,101292
2022-05-11,Rumaila,83917
2022-05-12,Rumaila,56179
2022-05-13,Rumaila,106548
2022-05-14,Rumaila,113559
2022-05-15,Rumaila,64556
2022-05-16,Rumaila,84854
2022-05-17,Rumaila,109287
2022-05-18,Rumaila,130862
2022-05-19,Rumaila,100311
2022-05-20,Rumaila,89079
2022-05-21,Rumaila,97256
2022-05-22,Rumaila,120623
2022-05-23,Rumaila,90310
2022-05-24,Rumaila,88012
2022-05-25,Rumaila,92758
2022-05-26,Rumaila,85700
2022-05-27,Rumaila,101840
2022-05-28,Rumaila,124370
2022-05-29,Rumaila,104846
2022-05-30,Rumaila,96214
2022-05-31,Rumaila,95622
2022-06-01,Rumaila,76552
2022-06-02,Rumaila,113246
2022-06-03,Rumaila,98832
2022-06-04,Rumaila,97292
2022-06-05,Rumaila,147896
2022-06-06,Rumaila,104481
2022-06-07,Rumaila,88723
2022-06-08,Rumaila,93604
2022-06-09,Rumaila,117226
2022-06-10,Rumaila,101699
2022-06-11,Rumaila,78425
2022-06-12,Rumaila,113788
2022-06-13,Rumaila,89977
2022-06-14,Rumaila,128099
2022-06-15,Rumaila,116200
2022-06-16,Rumaila,93290
2022-06-17,Rumaila,119215
2022-06-18,Rumaila,101017
2022-06-19,Rumaila,112791
2022-06-20,Rumaila,107270
2022-06-21,Rumaila,87304
2022-06-22,Rumaila,90346
2022-06-23,Rumaila,115449
2022-06-24,Rumaila,94978
2022-06-25,Rumaila,93945
2022-06-26,Rumaila,85673
2022-06-27,Rumaila,106353
2022-06-28,Rumaila,130937
2022-06-29,Rumaila,83987
2022-06-30,Rumaila,100363
2022-07-01,Rumaila,121183
2022-07-02,Rumaila,98805
2022-07-03,Rumaila,106785
2022-07-04,Rumaila,84064
2022-07-05,Rumaila,106424
2022-07-06,Rumaila,97192
2022-07-07,Rumaila,114785
2022-07-08,Rumaila,117810
2022-07-09,Rumaila,138843
2022-07-10,Rumaila,108694
2022-07-11,Rumaila,104886
2022-07-12,Rumaila,102915
2022-07-13,Rumaila,94702
2022-07-14,Rumaila,105077
2022-07-15,Rumaila,95568
2022-07-16,Rumaila,102526
2022-07-17,Rumaila,119763
2022-07-18,Rumaila,84901
2022-07-19,Rumaila,117098
2022-07-20,Rumaila,119756
2022-07-21,Rumaila,98228
2022-07-22,Rumaila,68172
2022-07-23,Rumaila,90882
2022-07-24,Rumaila,119454
2022-07-25,Rumaila,99656
2022-07-26,Rumaila,85010
2022-07-27,Rumaila,92428
2022-07-28,Rumaila,112609
2022-07-29,Rumaila,108201
2022-07-30,Rumaila,96416
2022-07-31,Rumaila,94497
2022-08-01,Rumaila,94123
2022-08-02,Rumaila,86163
2022-08-03,Rumaila,124230
2022-08-04,Rumaila,95165
2022-08-05,Rumaila,118257
2022-08-06,Rumaila,122819
2022-08-07,Rumaila,114974
2022-08-08,Rumaila,93525
2022-08-09,Rumaila,106055
2022-08-10,Rumaila,99637
2022-08-11,Rumaila,86444
2022-08-12,Rumaila,104865
2022-08-13,Rumaila,82314
2022-08-14,Rumaila,117815
2022-08-15,Rumaila,93030
2022-08-16,Rumaila,103017
2022-08-17,Rumaila,104249
2022-08-18,Rumaila,96116
2022-08-19,Rumaila,108800
2022-08-20,Rumaila,92876
2022-08-21,Rumaila,113069
2022-08-22,Rumaila,79810
2022-08-23,Rumaila,101895
2022-08-24,Rumaila,129083
2022-08-25,Rumaila,84995
2022-08-26,Rumaila,89833
2022-08-27,Rumaila,107708
2022-08-28,Rumaila,102693
2022-08-29,Rumaila,105259
2022-08-30,Rumaila,107337
2022-08-31,Rumaila,109520
2022-09-01,Rumaila,116645
2022-09-02,Rumaila,106147
2022-09-03,Rumaila,96381
2022-09-04,Rumaila,110088
2022-09-05,Rumaila,128498
2022-09-06,Rumaila,98010
2022-09-07,Rumaila,85382
2022-09-08,Rumaila,116606
2022-09-09,Rumaila,98194
2022-09-10,Rumaila,67409
2022-09-11,Rumaila,112711
2022-09-12,Rumaila,91970
2022-09-13,Rumaila,98642
2022-09-14,Rumaila,104979
2022-09-15,Rumaila,102857
2022-09-16,Rumaila,110641
2022-09-17,Rumaila,93467
2022-09-18,Rumaila,107696
2022-09-19,Rumaila,96106
2022-09-20,Rumaila,111082
2022-09-21,Rumaila,109230
2022-09-22,Rumaila,85968
2022-09-23,Rumaila,116289
2022-09-24,Rumaila,91960
2022-09-25,Rumaila,112120
2022-09-26,Rumaila,105509
2022-09-27,Rumaila,127572
2022-09-28,Rumaila,96648
2022-09-29,Rumaila,94760
2022-09-30,Rumaila,99708
2022-10-01,Rumaila,95452
2022-10-02,Rumaila,111999
2022-10-03,Rumaila,75755
2022-10-04,Rumaila,84194
2022-10-05,Rumaila,83982
2022-10-06,Rumaila,114254
2022-10-07,Rumaila,125659
2022-10-08,Rumaila,98433
2022-10-09,Rumaila,97467
2022-10-10,Rumaila,101050
2022-10-11,Rumaila,117428
2022-10-12,Rumaila,86089
2022-10-13,Rumaila,103575
2022-10-14,Rumaila,114627
2022-10-15,Rumaila,107516
2022-10-16,Rumaila,102843
2022-10-17,Rumaila,115015
2022-10-18,Rumaila,59451
2022-10-19,Rumaila,110168
2022-10-20,Rumaila,90188
2022-10-21,Rumaila,72540
2022-10-22,Rumaila,107668
2022-10-23,Rumaila,120604
2022-10-24,Rumaila,97938
2022-10-25,Rumaila,114293
2022-10-26,Rumaila,124184
2022-10-27,Rumaila,119723
2022-10-28,Rumaila,124599
2022-10-29,Rumaila,111131
2022-10-30,Rumaila,101131
2022-10-31,Rumaila,75970
2022-11-01,Rumaila,96309
2022-11-02,Rumaila,87351
2022-11-03,Rumaila,132564
2022-11-04,Rumaila,97361
2022-11-05,Rumaila,101848
2022-11-06,Rumaila,108272
2022-11-07,Rumaila,100654
2022-11-08,Rumaila,125425
2022-11-09,Rumaila,90660
2022-11-10,Rumaila,102919
2022-11-11,Rumaila,88862
2022-11-12,Rumaila,80199
2022-11-13,Rumaila,90823
2022-11-14,Rumaila,99444
2022-11-15,Rumaila,93560
2022-11-16,Rumaila,89613
2022-11-17,Rumaila,78905
2022-11-18,Rumaila,98753
2022-11-19,Rumaila,77429
2022-11-20,Rumaila,111400
2022-11-21,Rumaila,101236
2022-11-22,Rumaila,78136
2022-11-23,Rumaila,95361
2022-11-24,Rumaila,88717
2022-11-25,Rumaila,104787
2022-11-26,Rumaila,120106
2022-11-27,Rumaila,71872
2022-11-28,Rumaila,101725
2022-11-29,Rumaila,97598
2022-11-30,Rumaila,110070
2022-12-01,Rumaila,103197
2022-12-02,Rumaila,88720
2022-12-03,Rumaila,95214
2022-12-04,Rumaila,88059
2022-12-05,Rumaila,116140
2022-12-06,Rumaila,100319
2022-12-07,Rumaila,128517
2022-12-08,Rumaila,99090
2022-12-09,Rumaila,89373
2022-12-10,Rumaila,77294
2022-12-11,Rumaila,72952
2022-12-12,Rumaila,76237
2022-12-13,Rumaila,104006
2022-12-14,Rumaila,107630
2022-12-15,Rumaila,76282
2022-12-16,Rumaila,113425
2022-12-17,Rumaila,92754
2022-12-18,Rumaila,102201
2022-12-19,Rumaila,124183
2022-12-20,Rumaila,113452
2022-12-21,Rumaila,95972
2022-12-22,Rumaila,86632
2022-12-23,Rumaila,67722
2022-12-24,Rumaila,89212
2022-12-25,Rumaila,96833
2022-12-26,Rumaila,85192
2022-12-27,Rumaila,98031
2022-12-28,Rumaila,101152
2022-12-29,Rumaila,96627
2022-12-30,Rumaila,90249
2022-12-31,Rumaila,102529
2023-01-01,Rumaila,106629
2023-01-02,Rumaila,83644
2023-01-03,Rumaila,121163
2023-01-04,Rumaila,98521
2023-01-05,Rumaila,100282
2023-01-06,Rumaila,110623
2023-01-07,Rumaila,103498
2023-01-08,Rumaila,114297
2023-01-09,Rumaila,104306
2023-01-10,Rumaila,90813
2023-01-11,Rumaila,105422
2023-01-12,Rumaila,82844
2023-01-13,Rumaila,101628
2023-01-14,Rumaila,99501
2023-01-15,Rumaila,96878
2023-01-16,Rumaila,98071
2023-01-17,Rumaila,71772
2023-01-18,Rumaila,91769
2023-01-19,Rumaila,101392
2023-01-20,Rumaila,102397
2023-01-21,Rumaila,84584
2023-01-22,Rumaila,118985
2023-01-23,Rumaila,87007
2023-01-24,Rumaila,114541
2023-01-25,Rumaila,106407
2023-01-26,Rumaila,90306
2023-01-27,Rumaila,126629
2023-01-28,Rumaila,82095
2023-01-29,Rumaila,113787
2023-01-30,Rumaila,115008
2023-01-31,Rumaila,89940
2023-02-01,Rumaila,120886
2023-02-02,Rumaila,96249
2023-02-03,Rumaila,104330
2023-02-04,Rumaila,103904
2023-02-05,Rumaila,97985
2023-02-06,Rumaila,112162
2023-02-07,Rumaila,111902
2023-02-08,Rumaila,73772
2023-02-09,Rumaila,119565
2023-02-10,Rumaila,75062
2023-02-11,Rumaila,115488
2023-02-12,Rumaila,116900
2023-02-13,Rumaila,83635
2023-02-14,Rumaila,93837
2023-02-15,Rumaila,83414
2023-02-16,Rumaila,96776
2023-02-17,Rumaila,95379
2023-02-18,Rumaila,111694
2023-02-19,Rumaila,119654
2023-02-20,Rumaila,120935
2023-02-21,Rumaila,91567
2023-02-22,Rumaila,96861
2023-02-23,Rumaila,74748
2023-02-24,Rumaila,87911
2023-02-25,Rumaila,114472
2023-02-26,Rumaila,124233
2023-02-27,Rumaila,81484
2023-02-28,Rumaila,91113
2023-03-01,Rumaila,99603
2023-03-02,Rumaila,104202
2023-03-03,Rumaila,87855
2023-03-04,Rumaila,106360
2023-03-05,Rumaila,92892
2023-03-06,Rumaila,99783
2023-03-07,Rumaila,108194
2023-03-08,Rumaila,100096
2023-03-09,Rumaila,93454
2023-03-10,Rumaila,98355
2023-03-11,Rumaila,98674
2023-03-12,Rumaila,94449
2023-03-13,Rumaila,96118
2023-03-14,Rumaila,123979
2023-03-15,Rumaila,108413
2023-03-16,Rumaila,95567
2023-03-17,Rumaila,110454
2023-03-18,Rumaila,94992
2023-03-19,Rumaila,117596
2023-03-20,Rumaila,105544
2023-03-21,Rumaila,98390
2023-03-22,Rumaila,106715
2023-03-23,Rumaila,76436
2023-03-24,Rumaila,83098
2023-03-25,Rumaila,82091
2023-03-26,Rumaila,102144
2023-03-27,Rumaila,125987
2023-03-28,Rumaila,133469
2023-03-29,Rumaila,109570
2023-03-30,Rumaila,107512
2023-03-31,Rumaila,72984
2023-04-01,Rumaila,91859
2023-04-02,Rumaila,88183
2023-04-03,Rumaila,90687
2023-04-04,Rumaila,97477
2023-04-05,Rumaila,92918
2023-04-06,Rumaila,70310
2023-04-07,Rumaila,111218
2023-04-08,Rumaila,83908
2023-04-09,Rumaila,103588
2023-04-10,Rumaila,131111
2023-04-11,Rumaila,86209
2023-04-12,Rumaila,62045
2023-04-13,Rumaila,95709
2023-04-14,Rumaila,116514
2023-04-15,Rumaila,129375
2023-04-16,Rumaila,81556
2023-04-17,Rumaila,107450
2023-04-18,Rumaila,93020
2023-04-19,Rumaila,98410
2023-04-20,Rumaila,139665
2023-04-21,Rumaila,77455
2023-04-22,Rumaila,103806
2023-04-23,Rumaila,107015
2023-04-24,Rumaila,116286
2023-04-25,Rumaila,101469
2023-04-26,Rumaila,104620
2023-04-27,Rumaila,94125
2023-04-28,Rumaila,104036
2023-04-29,Rumaila,94852
2023-04-30,Rumaila,109323
2023-05-01,Rumaila,94455
2023-05-02,Rumaila,105656
2023-05-03,Rumaila,99561
2023-05-04,Rumaila,116890
2023-05-05,Rumaila,99229
2023-05-06,Rumaila,73404
2023-05-07,Rumaila,118928
2023-05-08,Rumaila,86414
2023-05-09,Rumaila,90193
2023-05-10,Rumaila,91065
2023-05-11,Rumaila,120616
2023-05-12,Rumaila,67964
2023-05-13,Rumaila,147066
2023-05-14,Rumaila,115840
2023-05-15,Rumaila,103348
2023-05-16,Rumaila,99176
2023-05-17,Rumaila,104283
2023-05-18,Rumaila,107816
2023-05-19,Rumaila,109678
2023-05-20,Rumaila,108334
2023-05-21,Rumaila,101343
2023-05-22,Rumaila,97039
2023-05-23,Rumaila,97730
2023-05-24,Rumaila,97076
2023-05-25,Rumaila,117006
2023-05-26,Rumaila,108903
2023-05-27,Rumaila,55894
2023-05-28,Rumaila,109838
2023-05-29,Rumaila,102921
2023-05-30,Rumaila,99719
2023-05-31,Rumaila,94172
2023-06-01,Rumaila,116861
2023-06-02,Rumaila,114212
2023-06-03,Rumaila,88406
2023-06-04,Rumaila,106105
2023-06-05,Rumaila,85425
2023-06-06,Rumaila,79305
2023-06-07,Rumaila,90599
2023-06-08,Rumaila,112935
2023-06-09,Rumaila,114296
2023-06-10,Rumaila,107696
2023-06-11,Rumaila,110876
2023-06-12,Rumaila,107742
2023-06-13,Rumaila,90377
2023-06-14,Rumaila,106478
2023-06-15,Rumaila,112006
2023-06-16,Rumaila,111314
2023-06-17,Rumaila,117833
2023-06-18,Rumaila,110624
2023-06-19,Rumaila,105271
2023-06-20,Rumaila,116052
2023-06-21,Rumaila,99602
2023-06-22,Rumaila,86771
2023-06-23,Rumaila,97553
2023-06-24,Rumaila,88826
2023-06-25,Rumaila,89872
2023-06-26,Rumaila,97832
2023-06-27,Rumaila,88113
2023-06-28,Rumaila,95380
2023-06-29,Rumaila,71595
2023-06-30,Rumaila,103199
2023-07-01,Rumaila,100018
2023-07-02,Rumaila,87743
2023-07-03,Rumaila,109888
2023-07-04,Rumaila,114063
2023-07-05,Rumaila,75886
2023-07-06,Rumaila,88559
2023-07-07,Rumaila,88462
2023-07-08,Rumaila,85901
2023-07-09,Rumaila,112442
2023-07-10,Rumaila,97092
2023-07-11,Rumaila,96032
2023-07-12,Rumaila,69942
2023-07-13,Rumaila,109531
2023-07-14,Rumaila,81411
2023-07-15,Rumaila,100898
2023-07-16,Rumaila,104160
2023-07-17,Rumaila,120409
2023-07-18,Rumaila,80367
2023-07-19,Rumaila,54707
2023-07-20,Rumaila,102757
2023-07-21,Rumaila,127007
2023-07-22,Rumaila,118584
2023-07-23,Rumaila,103144
2023-07-24,Rumaila,92625
2023-07-25,Rumaila,112106
2023-07-26,Rumaila,85396
2023-07-27,Rumaila,107145
2023-07-28,Rumaila,107582
2023-07-29,Rumaila,115903
2023-07-30,Rumaila,141394
2023-07-31,Rumaila,105886
2023-08-01,Rumaila,92365
2023-08-02,Rumaila,99616
2023-08-03,Rumaila,73463
2023-08-04,Rumaila,89579
2023-08-05,Rumaila,93860
2023-08-06,Rumaila,92138
2023-08-07,Rumaila,102285
2023-08-08,Rumaila,87663
2023-08-09,Rumaila,116815
2023-08-10,Rumaila,100003
2023-08-11,Rumaila,99860
2023-08-12,Rumaila,95081
2023-08-13,Rumaila,102327
2023-08-14,Rumaila,112376
2023-08-15,Rumaila,86993
2023-08-16,Rumaila,90128
2023-08-17,Rumaila,95444
2023-08-18,Rumaila,79811
2023-08-19,Rumaila,87711
2023-08-20,Rumaila,92856
2023-08-21,Rumaila,113115
2023-08-22,Rumaila,103938
2023-08-23,Rumaila,102903
2023-08-24,Rumaila,112763
2023-08-25,Rumaila,97939
2023-08-26,Rumaila,105856
2023-08-27,Rumaila,98451
2023-08-28,Rumaila,103980
2023-08-29,Rumaila,91258
2023-08-30,Rumaila,63417
2023-08-31,Rumaila,97985
2023-09-01,Rumaila,121341
2023-09-02,Rumaila,113893
2023-09-03,Rumaila,114480
2023-09-04,Rumaila,118541
2023-09-05,Rumaila,101329
2023-09-06,Rumaila,102959
2023-09-07,Rumaila,90735
2023-09-08,Rumaila,95258
2023-09-09,Rumaila,109236
2023-09-10,Rumaila,118058
2023-09-11,Rumaila,97908
2023-09-12,Rumaila,93247
2023-09-13,Rumaila,100007
2023-09-14,Rumaila,109018
2023-09-15,Rumaila,78342
2023-09-16,Rumaila,65557
2023-09-17,Rumaila,91741
2023-09-18,Rumaila,81689
2023-09-19,Rumaila,92377
2023-09-20,Rumaila,97783
2023-09-21,Rumaila,93201
2023-09-22,Rumaila,121787
2023-09-23,Rumaila,104901
2023-09-24,Rumaila,104507
2023-09-25,Rumaila,109333
2023-09-26,Rumaila,82917
2023-09-27,Rumaila,115586
2023-09-28,Rumaila,98863
2023-09-29,Rumaila,110057
2023-09-30,Rumaila,83922
2023-10-01,Rumaila,76693
2023-10-02,Rumaila,112268
2023-10-03,Rumaila,105646
2023-10-04,Rumaila,86469
2023-10-05,Rumaila,86955
2023-10-06,Rumaila,116881
2023-10-07,Rumaila,82158
2023-10-08,Rumaila,124640
2023-10-09,Rumaila,86490
2023-10-10,Rumaila,109575
2023-10-11,Rumaila,95070
2023-10-12,Rumaila,109047
2023-10-13,Rumaila,91838
2023-10-14,Rumaila,97558
2023-10-15,Rumaila,100613
2023-10-16,Rumaila,84967
2023-10-17,Rumaila,111112
2023-10-18,Rumaila,92301
2023-10-19,Rumaila,96571
2023-10-20,Rumaila,85084
2023-10-21,Rumaila,61564
2023-10-22,Rumaila,97134
2023-10-23,Rumaila,136189
2023-10-24,Rumaila,111769
2023-10-25,Rumaila,99711
2023-10-26,Rumaila,96056
2023-10-27,Rumaila,100336
2023-10-28,Rumaila,108206
2023-10-29,Rumaila,82287
2023-10-30,Rumaila,116714
2023-10-31,Rumaila,110730
2023-11-01,Rumaila,110772
2023-11-02,Rumaila,106577
2023-11-03,Rumaila,100294
2023-11-04,Rumaila,110092
2023-11-05,Rumaila,108877
2023-11-06,Rumaila,94689
2023-11-07,Rumaila,91395
2023-11-08,Rumaila,101527
2023-11-09,Rumaila,123235
2023-11-10,Rumaila,81413
2023-11-11,Rumaila,77987
2023-11-12,Rumaila,102471
2023-11-13,Rumaila,100763
2023-11-14,Rumaila,102600
2023-11-15,Rumaila,103659
2023-11-16,Rumaila,96651
2023-11-17,Rumaila,122347
2023-11-18,Rumaila,75986
2023-11-19,Rumaila,87572
2023-11-20,Rumaila,98451
2023-11-21,Rumaila,75352
2023-11-22,Rumaila,97362
2023-11-23,Rumaila,124922
2023-11-24,Rumaila,100313
2023-11-25,Rumaila,103460
2023-11-26,Rumaila,81097
2023-11-27,Rumaila,90754
2023-11-28,Rumaila,94372
2023-11-29,Rumaila,95234
2023-11-30,Rumaila,119224
2023-12-01,Rumaila,108365
2023-12-02,Rumaila,83328
2023-12-03,Rumaila,103697
2023-12-04,Rumaila,107473
2023-12-05,Rumaila,117102
2023-12-06,Rumaila,123708
2023-12-07,Rumaila,84773
2023-12-08,Rumaila,87837
2023-12-09,Rumaila,81136
2023-12-10,Rumaila,96489
2023-12-11,Rumaila,106995
2023-12-12,Rumaila,114810
2023-12-13,Rumaila,98860
2023-12-14,Rumaila,95202
2023-12-15,Rumaila,102276
2023-12-16,Rumaila,87472
2023-12-17,Rumaila,131343
2023-12-18,Rumaila,75885
2023-12-19,Rumaila,102771
2023-12-20,Rumaila,130354
2023-12-21,Rumaila,100101
2023-12-22,Rumaila,97149
2023-12-23,Rumaila,94638
2023-12-24,Rumaila,97294
2023-12-25,Rumaila,120592
2023-12-26,Rumaila,66822
2023-12-27,Rumaila,123001
2023-12-28,Rumaila,78640
2023-12-29,Rumaila,96000
2023-12-30,Rumaila,93561
2023-12-31,Rumaila,108828
2022-01-01,West Qurna,76028
2022-01-02,West Qurna,106932
2022-01-03,West Qurna,130364
2022-01-04,West Qurna,79552
2022-01-05,West Qurna,102845
2022-01-06,West Qurna,90070
2022-01-07,West Qurna,106388
2022-01-08,West Qurna,100287
2022-01-09,West Qurna,90377
2022-01-10,West Qurna,107318
2022-01-11,West Qurna,127065
2022-01-12,West Qurna,97136
2022-01-13,West Qurna,110796
2022-01-14,West Qurna,80600
2022-01-15,West Qurna,85653
2022-01-16,West Qurna,107086
2022-01-17,West Qurna,122261
2022-01-18,West Qurna,105334
2022-01-19,West Qurna,95304
2022-01-20,West Qurna,99989
2022-01-21,West Qurna,81243
2022-01-22,West Qurna,109067
2022-01-23,West Qurna,113234
2022-01-24,West Qurna,93218
2022-01-25,West Qurna,92949
2022-01-26,West Qurna,103988
2022-01-27,West Qurna,93449
2022-01-28,West Qurna,99008
2022-01-29,West Qurna,131495
2022-01-30,West Qurna,96294
2022-01-31,West Qurna,94624
2022-02-01,West Qurna,90286
2022-02-02,West Qurna,111162
2022-02-03,West Qurna,97281
2022-02-04,West Qurna,90259
2022-02-05,West Qurna,119819
2022-02-06,West Qurna,121294
2022-02-07,West Qurna,90993
2022-02-08,West Qurna,72001
2022-02-09,West Qurna,115112
2022-02-10,West Qurna,89730
2022-02-11,West Qurna,111859
2022-02-12,West Qurna,70448
2022-02-13,West Qurna,113388
2022-02-14,West Qurna,81832
2022-02-15,West Qurna,110961
2022-02-16,West Qurna,100214
2022-02-17,West Qurna,85690
2022-02-18,West Qurna,93894
2022-02-19,West Qurna,110294
2022-02-20,West Qurna,101588
2022-02-21,West Qurna,108766
2022-02-22,West Qurna,129646
2022-02-23,West Qurna,76536
2022-02-24,West Qurna,124258
2022-02-25,West Qurna,101565
2022-02-26,West Qurna,86518
2022-02-27,West Qurna,80045
2022-02-28,West Qurna,97163
2022-03-01,West Qurna,113824
2022-03-02,West Qurna,98086
2022-03-03,West Qurna,122667
2022-03-04,West Qurna,78232
2022-03-05,West Qurna,99818
2022-03-06,West Qurna,81214
2022-03-07,West Qurna,105454
2022-03-08,West Qurna,113303
2022-03-09,West Qurna,93688
2022-03-10,West Qurna,60936
2022-03-11,West Qurna,102984
2022-03-12,West Qurna,106551
2022-03-13,West Qurna,106064
2022-03-14,West Qurna,118536
2022-03-15,West Qurna,83934
2022-03-16,West Qurna,110203
2022-03-17,West Qurna,117887
2022-03-18,West Qurna,73321
2022-03-19,West Qurna,104794
2022-03-20,West Qurna,92437
2022-03-21,West Qurna,98777
2022-03-22,West Qurna,105215
2022-03-23,West Qurna,92691
2022-03-24,West Qurna,89864
2022-03-25,West Qurna,100512
2022-03-26,West Qurna,83691
2022-03-27,West Qurna,83712
2022-03-28,West Qurna,110190
2022-03-29,West Qurna,82768
2022-03-30,West Qurna,109994
2022-03-31,West Qurna,106938
2022-04-01,West Qurna,74112
2022-04-02,West Qurna,89836
2022-04-03,West Qurna,117911
2022-04-04,West Qurna,85282
2022-04-05,West Qurna,93033
2022-04-06,West Qurna,106930
2022-04-07,West Qurna,111750
2022-04-08,West Qurna,96226
2022-04-09,West Qurna,91037
2022-04-10,West Qurna,121335
2022-04-11,West Qurna,126083
2022-04-12,West Qurna,114682
2022-04-13,West Qurna,101279
2022-04-14,West Qurna,87876
2022-04-15,West Qurna,87543
2022-04-16,West Qurna,107837
2022-04-17,West Qurna,106275
2022-04-18,West Qurna,121023
2022-04-19,West Qurna,109756
2022-04-20,West Qurna,77453
2022-04-21,West Qurna,115779
2022-04-22,West Qurna,85029
2022-04-23,West Qurna,94240
2022-04-24,West Qurna,103753
2022-04-25,West Qurna,129935
2022-04-26,West Qurna,146648
2022-04-27,West Qurna,109100
2022-04-28,West Qurna,97252
2022-04-29,West Qurna,108017
2022-04-30,West Qurna,113314
2022-05-01,West Qurna,95189
2022-05-02,West Qurna,126928
2022-05-03,West Qurna,103451
2022-05-04,West Qurna,107466
2022-05-05,West Qurna,109988
2022-05-06,West Qurna,106323
2022-05-07,West Qurna,112584
2022-05-08,West Qurna,90741
2022-05-09,West Qurna,91625
2022-05-10,West Qurna,83497
2022-05-11,West Qurna,106592
2022-05-12,West Qurna,111684
2022-05-13,West Qurna,106866
2022-05-14,West Qurna,125117
2022-05-15,West Qurna,99916
2022-05-16,West Qurna,110031
2022-05-17,West Qurna,83624
2022-05-18,West Qurna,94193
2022-05-19,West Qurna,110433
2022-05-20,West Qurna,112736
2022-05-21,West Qurna,95590
2022-05-22,West Qurna,98926
2022-05-23,West Qurna,77231
2022-05-24,West Qurna,94644
2022-05-25,West Qurna,113355
2022-05-26,West Qurna,108628
2022-05-27,West Qurna,107509
2022-05-28,West Qurna,100746
2022-05-29,West Qurna,100105
2022-05-30,West Qurna,90095
2022-05-31,West Qurna,110482
2022-06-01,West Qurna,106314
2022-06-02,West Qurna,107380
2022-06-03,West Qurna,92109
2022-06-04,West Qurna,67699
2022-06-05,West Qurna,116457
2022-06-06,West Qurna,92817
2022-06-07,West Qurna,87058
2022-06-08,West Qurna,110402
2022-06-09,West Qurna,94119
2022-06-10,West Qurna,115899
2022-06-11,West Qurna,109255
2022-06-12,West Qurna,110253
2022-06-13,West Qurna,79510
2022-06-14,West Qurna,118179
2022-06-15,West Qurna,103918
2022-06-16,West Qurna,94460
2022-06-17,West Qurna,102150
2022-06-18,West Qurna,73356
2022-06-19,West Qurna,106129
2022-06-20,West Qurna,84559
2022-06-21,West Qurna,79709
2022-06-22,West Qurna,77164
2022-06-23,West Qurna,116690
2022-06-24,West Qurna,90561
2022-06-25,West Qurna,123005
2022-06-26,West Qurna,91962
2022-06-27,West Qurna,74389
2022-06-28,West Qurna,83252
2022-06-29,West Qurna,118537
2022-06-30,West Qurna,97661
2022-07-01,West Qurna,91775
2022-07-02,West Qurna,102400
2022-07-03,West Qurna,107526
2022-07-04,West Qurna,116760
2022-07-05,West Qurna,121727
2022-07-06,West Qurna,94603
2022-07-07,West Qurna,80109
2022-07-08,West Qurna,93798
2022-07-09,West Qurna,103904
2022-07-10,West Qurna,85543
2022-07-11,West Qurna,85642
2022-07-12,West Qurna,105156
2022-07-13,West Qurna,99270
2022-07-14,West Qurna,100491
2022-07-15,West Qurna,88622
2022-07-16,West Qurna,96543
2022-07-17,West Qurna,86136
2022-07-18,West Qurna,113352
2022-07-19,West Qurna,115528
2022-07-20,West Qurna,72307
2022-07-21,West Qurna,86057
2022-07-22,West Qurna,77552
2022-07-23,West Qurna,90249
2022-07-24,West Qurna,98748
2022-07-25,West Qurna,78255
2022-07-26,West Qurna,86172
2022-07-27,West Qurna,84940
2022-07-28,West Qurna,103109
2022-07-29,West Qurna,101040
2022-07-30,West Qurna,89173
2022-07-31,West Qurna,102652
2022-08-01,West Qurna,91799
2022-08-02,West Qurna,95925
2022-08-03,West Qurna,125101
2022-08-04,West Qurna,120106
2022-08-05,West Qurna,80506
2022-08-06,West Qurna,112445
2022-08-07,West Qurna,112170
2022-08-08,West Qurna,82776
2022-08-09,West Qurna,112281
2022-08-10,West Qurna,123068
2022-08-11,West Qurna,83161
2022-08-12,West Qurna,86237
2022-08-13,West Qurna,115264
2022-08-14,West Qurna,104072
2022-08-15,West Qurna,108272
2022-08-16,West Qurna,105108
2022-08-17,West Qurna,105860
2022-08-18,West Qurna,80102
2022-08-19,West Qurna,115709
2022-08-20,West Qurna,117543
2022-08-21,West Qurna,96559
2022-08-22,West Qurna,99347
2022-08-23,West Qurna,77033
2022-08-24,West Qurna,107713
2022-08-25,West Qurna,108580
2022-08-26,West Qurna,99067
2022-08-27,West Qurna,116865
2022-08-28,West Qurna,94988
2022-08-29,West Qurna,108469
2022-08-30,West Qurna,84705
2022-08-31,West Qurna,99646
2022-09-01,West Qurna,97384
2022-09-02,West Qurna,103379
2022-09-03,West Qurna,94457
2022-09-04,West Qurna,98027
2022-09-05,West Qurna,112390
2022-09-06,West Qurna,93448
2022-09-07,West Qurna,75901
2022-09-08,West Qurna,126243
2022-09-09,West Qurna,120721
2022-09-10,West Qurna,80616
2022-09-11,West Qurna,110345
2022-09-12,West Qurna,92455
2022-09-13,West Qurna,103952
2022-09-14,West Qurna,104413
2022-09-15,West Qurna,96483
2022-09-16,West Qurna,88243
2022-09-17,West Qurna,89641
2022-09-18,West Qurna,86257
2022-09-19,West Qurna,87522
2022-09-20,West Qurna,98992
2022-09-21,West Qurna,89263
2022-09-22,West Qurna,110230
2022-09-23,West Qurna,122308
2022-09-24,West Qurna,91299
2022-09-25,West Qurna,103591
2022-09-26,West Qurna,107495
2022-09-27,West Qurna,107080
2022-09-28,West Qurna,101139
2022-09-29,West Qurna,111140
2022-09-30,West Qurna,107233
2022-10-01,West Qurna,81435
2022-10-02,West Qurna,113037
2022-10-03,West Qurna,113309
2022-10-04,West Qurna,88550
2022-10-05,West Qurna,100569
2022-10-06,West Qurna,110249
2022-10-07,West Qurna,96860
2022-10-08,West Qurna,116094
2022-10-09,West Qurna,135458
2022-10-10,West Qurna,88210
2022-10-11,West Qurna,79284
2022-10-12,West Qurna,104557
2022-10-13,West Qurna,110823
2022-10-14,West Qurna,96537
2022-10-15,West Qurna,121798
2022-10-16,West Qurna,79920
2022-10-17,West Qurna,110393
2022-10-18,West Qurna,90912
2022-10-19,West Qurna,125790
2022-10-20,West Qurna,129887
2022-10-21,West Qurna,88500
2022-10-22,West Qurna,91756
2022-10-23,West Qurna,112893
2022-10-24,West Qurna,94193
2022-10-25,West Qurna,99318
2022-10-26,West Qurna,100380
2022-10-27,West Qurna,71204
2022-10-28,West Qurna,99792
2022-10-29,West Qurna,89654
2022-10-30,West Qurna,92603
2022-10-31,West Qurna,121654
2022-11-01,West Qurna,81152
2022-11-02,West Qurna,112198
2022-11-03,West Qurna,95815
2022-11-04,West Qurna,95803
2022-11-05,West Qurna,111855
2022-11-06,West Qurna,105100
2022-11-07,West Qurna,108559
2022-11-08,West Qurna,114522
2022-11-09,West Qurna,95030
2022-11-10,West Qurna,90816
2022-11-11,West Qurna,83722
2022-11-12,West Qurna,87618
2022-11-13,West Qurna,144236
2022-11-14,West Qurna,118670
2022-11-15,West Qurna,79733
2022-11-16,West Qurna,80163
2022-11-17,West Qurna,107227
2022-11-18,West Qurna,108208
2022-11-19,West Qurna,108233
2022-11-20,West Qurna,96175
2022-11-21,West Qurna,98118
2022-11-22,West Qurna,104918
2022-11-23,West Qurna,101288
2022-11-24,West Qurna,66710
2022-11-25,West Qurna,96553
2022-11-26,West Qurna,87228
2022-11-27,West Qurna,102628
2022-11-28,West Qurna,144778
2022-11-29,West Qurna,105512
2022-11-30,West Qurna,95297
2022-12-01,West Qurna,113827
2022-12-02,West Qurna,107240
2022-12-03,West Qurna,106301
2022-12-04,West Qurna,109102
2022-12-05,West Qurna,130848
2022-12-06,West Qurna,83036
2022-12-07,West Qurna,107104
2022-12-08,West Qurna,86104
2022-12-09,West Qurna,108332
2022-12-10,West Qurna,86219
2022-12-11,West Qurna,93739
2022-12-12,West Qurna,95573
2022-12-13,West Qurna,114637
2022-12-14,West Qurna,113776
2022-12-15,West Qurna,81314
2022-12-16,West Qurna,100824
2022-12-17,West Qurna,89356
2022-12-18,West Qurna,81122
2022-12-19,West Qurna,96744
2022-12-20,West Qurna,95372
2022-12-21,West Qurna,136400
2022-12-22,West Qurna,106494
2022-12-23,West Qurna,79335
2022-12-24,West Qurna,91528
2022-12-25,West Qurna,115320
2022-12-26,West Qurna,131326
2022-12-27,West Qurna,76210
2022-12-28,West Qurna,71801
2022-12-29,West Qurna,128064
2022-12-30,West Qurna,105844
2022-12-31,West Qurna,86975
2023-01-01,West Qurna,108019
2023-01-02,West Qurna,60463
2023-01-03,West Qurna,100050
2023-01-04,West Qurna,104917
2023-01-05,West Qurna,113864
2023-01-06,West Qurna,84791
2023-01-07,West Qurna,101285
2023-01-08,West Qurna,86118
2023-01-09,West Qurna,103830
2023-01-10,West Qurna,86569
2023-01-11,West Qurna,93878
2023-01-12,West Qurna,85062
2023-01-13,West Qurna,109767
2023-01-14,West Qurna,112876
2023-01-15,West Qurna,96480
2023-01-16,West Qurna,100573
2023-01-17,West Qurna,78271
2023-01-18,West Qurna,95504
2023-01-19,West Qurna,99246
2023-01-20,West Qurna,139311
2023-01-21,West Qurna,83320
2023-01-22,West Qurna,121962
2023-01-23,West Qurna,114952
2023-01-24,West Qurna,104209
2023-01-25,West Qurna,126379
2023-01-26,West Qurna,105581
2023-01-27,West Qurna,105837
2023-01-28,West Qurna,99203
2023-01-29,West Qurna,118353
2023-01-30,West Qurna,116447
2023-01-31,West Qurna,90614
2023-02-01,West Qurna,80211
2023-02-02,West Qurna,96955
2023-02-03,West Qurna,87999
2023-02-04,West Qurna,99047
2023-02-05,West Qurna,118561
2023-02-06,West Qurna,93140
2023-02-07,West Qurna,99357
2023-02-08,West Qurna,100870
2023-02-09,West Qurna,112726
2023-02-10,West Qurna,66296
2023-02-11,West Qurna,90899
2023-02-12,West Qurna,103169
2023-02-13,West Qurna,118001
2023-02-14,West Qurna,92621
2023-02-15,West Qurna,71851
2023-02-16,West Qurna,109295
2023-02-17,West Qurna,90469
2023-02-18,West Qurna,82155
2023-02-19,West Qurna,90634
2023-02-20,West Qurna,97232
2023-02-21,West Qurna,90928
2023-02-22,West Qurna,66916
2023-02-23,West Qurna,113455
2023-02-24,West Qurna,119123
2023-02-25,West Qurna,109772
2023-02-26,West Qurna,82934
2023-02-27,West Qurna,96977
2023-02-28,West Qurna,99902
2023-03-01,West Qurna,108981
2023-03-02,West Qurna,110025
2023-03-03,West Qurna,88987
2023-03-04,West Qurna,101229
2023-03-05,West Qurna,106859
2023-03-06,West Qurna,121837
2023-03-07,West Qurna,110567
2023-03-08,West Qurna,111835
2023-03-09,West Qurna,101257
2023-03-10,West Qurna,121156
2023-03-11,West Qurna,106146
2023-03-12,West Qurna,87083
2023-03-13,West Qurna,121050
2023-03-14,West Qurna,110468
2023-03-15,West Qurna,93354
2023-03-16,West Qurna,92807
2023-03-17,West Qurna,104448
2023-03-18,West Qurna,106947
2023-03-19,West Qurna,102959
2023-03-20,West Qurna,104669
2023-03-21,West Qurna,125499
2023-03-22,West Qurna,116073
2023-03-23,West Qurna,102859
2023-03-24,West Qurna,114119
2023-03-25,West Qurna,84512
2023-03-26,West Qurna,105968
2023-03-27,West Qurna,127139
2023-03-28,West Qurna,96729
2023-03-29,West Qurna,87285
2023-03-30,West Qurna,90218
2023-03-31,West Qurna,83655
2023-04-01,West Qurna,88228
2023-04-02,West Qurna,94442
2023-04-03,West Qurna,78916
2023-04-04,West Qurna,100234
2023-04-05,West Qurna,113534
2023-04-06,West Qurna,86383
2023-04-07,West Qurna,122789
2023-04-08,West Qurna,107661
2023-04-09,West Qurna,115458
2023-04-10,West Qurna,90132
2023-04-11,West Qurna,112817
2023-04-12,West Qurna,83620
2023-04-13,West Qurna,113353
2023-04-14,West Qurna,102577
2023-04-15,West Qurna,108298
2023-04-16,West Qurna,82366
2023-04-17,West Qurna,86573
2023-04-18,West Qurna,108958
2023-04-19,West Qurna,85774
2023-04-20,West Qurna,106948
2023-04-21,West Qurna,79492
2023-04-22,West Qurna,112722
2023-04-23,West Qurna,81512
2023-04-24,West Qurna,108284
2023-04-25,West Qurna,109384
2023-04-26,West Qurna,89548
2023-04-27,West Qurna,108730
2023-04-28,West Qurna,103906
2023-04-29,West Qurna,91917
2023-04-30,West Qurna,84871
2023-05-01,West Qurna,70560
2023-05-02,West Qurna,105244
2023-05-03,West Qurna,76527
2023-05-04,West Qurna,101430
2023-05-05,West Qurna,96048
2023-05-06,West Qurna,110187
2023-05-07,West Qurna,95469
2023-05-08,West Qurna,95058
2023-05-09,West Qurna,110978
2023-05-10,West Qurna,105025
2023-05-11,West Qurna,104742
2023-05-12,West Qurna,107039
2023-05-13,West Qurna,76966
2023-05-14,West Qurna,111351
2023-05-15,West Qurna,109187
2023-05-16,West Qurna,84749
2023-05-17,West Qurna,96338
2023-05-18,West Qurna,99410
2023-05-19,West Qurna,97982
2023-05-20,West Qurna,105007
2023-05-21,West Qurna,121470
2023-05-22,West Qurna,116226
2023-05-23,West Qurna,80316
2023-05-24,West Qurna,109331
2023-05-25,West Qurna,119933
2023-05-26,West Qurna,105802
2023-05-27,West Qurna,116364
2023-05-28,West Qurna,130184
2023-05-29,West Qurna,115355
2023-05-30,West Qurna,103739
2023-05-31,West Qurna,115676
2023-06-01,West Qurna,102173
2023-06-02,West Qurna,100358
2023-06-03,West Qurna,94728
2023-06-04,West Qurna,123451
2023-06-05,West Qurna,87723
2023-06-06,West Qurna,122985
2023-06-07,West Qurna,107497
2023-06-08,West Qurna,79010
2023-06-09,West Qurna,105514
2023-06-10,West Qurna,68499
2023-06-11,West Qurna,109382
2023-06-12,West Qurna,113278
2023-06-13,West Qurna,91114
2023-06-14,West Qurna,101853
2023-06-15,West Qurna,129312
2023-06-16,West Qurna,92413
2023-06-17,West Qurna,84116
2023-06-18,West Qurna,122224
2023-06-19,West Qurna,129438
2023-06-20,West Qurna,100055
2023-06-21,West Qurna,115171
2023-06-22,West Qurna,120122
2023-06-23,West Qurna,88862
2023-06-24,West Qurna,92720
2023-06-25,West Qurna,118463
2023-06-26,West Qurna,125275
2023-06-27,West Qurna,108443
2023-06-28,West Qurna,86802
2023-06-29,West Qurna,129805
2023-06-30,West Qurna,92035
2023-07-01,West Qurna,94972
2023-07-02,West Qurna,105135
2023-07-03,West Qurna,123312
2023-07-04,West Qurna,112809
2023-07-05,West Qurna,106222
2023-07-06,West Qurna,106949
2023-07-07,West Qurna,100652
2023-07-08,West Qurna,108372
2023-07-09,West Qurna,62056
2023-07-10,West Qurna,95550
2023-07-11,West Qurna,103619
2023-07-12,West Qurna,82734
2023-07-13,West Qurna,105794
2023-07-14,West Qurna,96932
2023-07-15,West Qurna,126332
2023-07-16,West Qurna,123595
2023-07-17,West Qurna,93012
2023-07-18,West Qurna,97737
2023-07-19,West Qurna,98890
2023-07-20,West Qurna,93225
2023-07-21,West Qurna,102925
2023-07-22,West Qurna,88625
2023-07-23,West Qurna,83040
2023-07-24,West Qurna,109340
2023-07-25,West Qurna,109442
2023-07-26,West Qurna,87935
2023-07-27,West Qurna,113430
2023-07-28,West Qurna,90526
2023-07-29,West Qurna,103797
2023-07-30,West Qurna,112305
2023-07-31,West Qurna,99495
2023-08-01,West Qurna,106821
2023-08-02,West Qurna,92253
2023-08-03,West Qurna,97053
2023-08-04,West Qurna,96912
2023-08-05,West Qurna,88801
2023-08-06,West Qurna,97348
2023-08-07,West Qurna,76770
2023-08-08,West Qurna,92632
2023-08-09,West Qurna,95726
2023-08-10,West Qurna,96157
2023-08-11,West Qurna,96377
2023-08-12,West Qurna,99073
2023-08-13,West Qurna,107191
2023-08-14,West Qurna,113117
2023-08-15,West Qurna,90253
2023-08-16,West Qurna,81951
2023-08-17,West Qurna,84369
2023-08-18,West Qurna,92691
2023-08-19,West Qurna,94721
2023-08-20,West Qurna,88450
2023-08-21,West Qurna,80558
2023-08-22,West Qurna,93158
2023-08-23,West Qurna,102721
2023-08-24,West Qurna,108925
2023-08-25,West Qurna,91638
2023-08-26,West Qurna,93805
2023-08-27,West Qurna,86099
2023-08-28,West Qurna,99528
2023-08-29,West Qurna,87273
2023-08-30,West Qurna,108596
2023-08-31,West Qurna,73212
2023-09-01,West Qurna,94605
2023-09-02,West Qurna,104516
2023-09-03,West Qurna,102757
2023-09-04,West Qurna,140395
2023-09-05,West Qurna,105247
2023-09-06,West Qurna,84939
2023-09-07,West Qurna,98568
2023-09-08,West Qurna,73356
2023-09-09,West Qurna,98791
2023-09-10,West Qurna,87504
2023-09-11,West Qurna,113730
2023-09-12,West Qurna,91756
2023-09-13,West Qurna,98248
2023-09-14,West Qurna,90466
2023-09-15,West Qurna,126082
2023-09-16,West Qurna,95181
2023-09-17,West Qurna,127488
2023-09-18,West Qurna,112212
2023-09-19,West Qurna,107231
2023-09-20,West Qurna,105530
2023-09-21,West Qurna,105906
2023-09-22,West Qurna,71084
2023-09-23,West Qurna,95816
2023-09-24,West Qurna,112677
2023-09-25,West Qurna,99266
2023-09-26,West Qurna,78922
2023-09-27,West Qurna,99213
2023-09-28,West Qurna,125561
2023-09-29,West Qurna,118703
2023-09-30,West Qurna,99069
2023-10-01,West Qurna,114271
2023-10-02,West Qurna,94502
2023-10-03,West Qurna,74441
2023-10-04,West Qurna,86133
2023-10-05,West Qurna,123443
2023-10-06,West Qurna,95890
2023-10-07,West Qurna,96349
2023-10-08,West Qurna,95502
2023-10-09,West Qurna,128562
2023-10-10,West Qurna,124389
2023-10-11,West Qurna,133281
2023-10-12,West Qurna,97614
2023-10-13,West Qurna,104434
2023-10-14,West Qurna,77250
2023-10-15,West Qurna,122154
2023-10-16,West Qurna,82483
2023-10-17,West Qurna,103251
2023-10-18,West Qurna,83540
2023-10-19,West Qurna,91166
2023-10-20,West Qurna,87441
2023-10-21,West Qurna,90881
2023-10-22,West Qurna,91913
2023-10-23,West Qurna,91775
2023-10-24,West Qurna,112500
2023-10-25,West Qurna,83427
2023-10-26,West Qurna,103308
2023-10-27,West Qurna,118269
2023-10-28,West Qurna,92302
2023-10-29,West Qurna,89231
2023-10-30,West Qurna,96542
2023-10-31,West Qurna,117695
2023-11-01,West Qurna,102911
2023-11-02,West Qurna,92031
2023-11-03,West Qurna,107258
2023-11-04,West Qurna,83465
2023-11-05,West Qurna,110220
2023-11-06,West Qurna,106129
2023-11-07,West Qurna,95382
2023-11-08,West Qurna,87421
2023-11-09,West Qurna,86699
2023-11-10,West Qurna,108022
2023-11-11,West Qurna,118434
2023-11-12,West Qurna,90440
2023-11-13,West Qurna,106875
2023-11-14,West Qurna,68694
2023-11-15,West Qurna,91230
2023-11-16,West Qurna,99534
2023-11-17,West Qurna,86354
2023-11-18,West Qurna,85952
2023-11-19,West Qurna,89983
2023-11-20,West Qurna,104382
2023-11-21,West Qurna,97190
2023-11-22,West Qurna,66426
2023-11-23,West Qurna,68189
2023-11-24,West Qurna,90897
2023-11-25,West Qurna,106865
2023-11-26,West Qurna,58787
2023-11-27,West Qurna,92504
2023-11-28,West Qurna,92106
2023-11-29,West Qurna,120825
2023-11-30,West Qurna,94224
2023-12-01,West Qurna,105744
2023-12-02,West Qurna,102118
2023-12-03,West Qurna,68041
2023-12-04,West Qurna,111523
2023-12-05,West Qurna,103230
2023-12-06,West Qurna,107624
2023-12-07,West Qurna,158893
2023-12-08,West Qurna,68738
2023-12-09,West Qurna,125870
2023-12-10,West Qurna,95688
2023-12-11,West Qurna,104309
2023-12-12,West Qurna,99317
2023-12-13,West Qurna,93636
2023-12-14,West Qurna,91452
2023-12-15,West Qurna,104942
2023-12-16,West Qurna,77242
2023-12-17,West Qurna,111258
2023-12-18,West Qurna,93757
2023-12-19,West Qurna,83048
2023-12-20,West Qurna,93249
2023-12-21,West Qurna,118857
2023-12-22,West Qurna,91969
2023-12-23,West Qurna,105376
2023-12-24,West Qurna,89035
2023-12-25,West Qurna,111368
2023-12-26,West Qurna,110282
2023-12-27,West Qurna,127729
2023-12-28,West Qurna,97366
2023-12-29,West Qurna,110029
2023-12-30,West Qurna,101471
2023-12-31,West Qurna,119438
2022-01-01,Zubair,89217
2022-01-02,Zubair,111175
2022-01-03,Zubair,97079
2022-01-04,Zubair,99037
2022-01-05,Zubair,101376
2022-01-06,Zubair,103783
2022-01-07,Zubair,98256
2022-01-08,Zubair,103220
2022-01-09,Zubair,123671
2022-01-10,Zubair,114781
2022-01-11,Zubair,113037
2022-01-12,Zubair,93166
2022-01-13,Zubair,86661
2022-01-14,Zubair,114329
2022-01-15,Zubair,113140
2022-01-16,Zubair,122090
2022-01-17,Zubair,90940
2022-01-18,Zubair,96556
2022-01-19,Zubair,75407
2022-01-20,Zubair,94112
2022-01-21,Zubair,114948
2022-01-22,Zubair,93002
2022-01-23,Zubair,109607
2022-01-24,Zubair,97142
2022-01-25,Zubair,104860
2022-01-26,Zubair,82784
2022-01-27,Zubair,101278
2022-01-28,Zubair,55132
2022-01-29,Zubair,97196
2022-01-30,Zubair,75542
2022-01-31,Zubair,118089
2022-02-01,Zubair,111661
2022-02-02,Zubair,107000
2022-02-03,Zubair,122815
2022-02-04,Zubair,85766
2022-02-05,Zubair,126210
2022-02-06,Zubair,113982
2022-02-07,Zubair,96451
2022-02-08,Zubair,117034
2022-02-09,Zubair,83405
2022-02-10,Zubair,87632
2022-02-11,Zubair,90871
2022-02-12,Zubair,92065
2022-02-13,Zubair,84151
2022-02-14,Zubair,118346
2022-02-15,Zubair,96117
2022-02-16,Zubair,105287
2022-02-17,Zubair,91444
2022-02-18,Zubair,72690
2022-02-19,Zubair,104050
2022-02-20,Zubair,71316
2022-02-21,Zubair,98970
2022-02-22,Zubair,79475
2022-02-23,Zubair,129809
2022-02-24,Zubair,113670
2022-02-25,Zubair,101586
2022-02-26,Zubair,118955
2022-02-27,Zubair,87305
2022-02-28,Zubair,108152
2022-03-01,Zubair,102997
2022-03-02,Zubair,103960
2022-03-03,Zubair,119085
2022-03-04,Zubair,110987
2022-03-05,Zubair,104330
2022-03-06,Zubair,75176
2022-03-07,Zubair,85599
2022-03-08,Zubair,98159
2022-03-09,Zubair,101400
2022-03-10,Zubair,83046
2022-03-11,Zubair,136175
2022-03-12,Zubair,122745
2022-03-13,Zubair,109031
2022-03-14,Zubair,101080
2022-03-15,Zubair,96816
2022-03-16,Zubair,85721
2022-03-17,Zubair,101162
2022-03-18,Zubair,103866
2022-03-19,Zubair,81373
2022-03-20,Zubair,105012
2022-03-21,Zubair,97671
2022-03-22,Zubair,71382
2022-03-23,Zubair,87094
2022-03-24,Zubair,93795
2022-03-25,Zubair,128315
2022-03-26,Zubair,108348
2022-03-27,Zubair,79967
2022-03-28,Zubair,107290
2022-03-29,Zubair,76790
2022-03-30,Zubair,116240
2022-03-31,Zubair,92933
2022-04-01,Zubair,98595
2022-04-02,Zubair,119886
2022-04-03,Zubair,80692
2022-04-04,Zubair,79043
2022-04-05,Zubair,91246
2022-04-06,Zubair,115575
2022-04-07,Zubair,77209
2022-04-08,Zubair,57517
2022-04-09,Zubair,93232
2022-04-10,Zubair,108276
2022-04-11,Zubair,118003
2022-04-12,Zubair,93052
2022-04-13,Zubair,93828
2022-04-14,Zubair,117308
2022-04-15,Zubair,71953
2022-04-16,Zubair,94172
2022-04-17,Zubair,102856
2022-04-18,Zubair,106738
2022-04-19,Zubair,92352
2022-04-20,Zubair,100516
2022-04-21,Zubair,62675
2022-04-22,Zubair,90126
2022-04-23,Zubair,106802
2022-04-24,Zubair,85265
2022-04-25,Zubair,100884
2022-04-26,Zubair,106703
2022-04-27,Zubair,94861
2022-04-28,Zubair,102556
2022-04-29,Zubair,85559
2022-04-30,Zubair,96900
2022-05-01,Zubair,109153
2022-05-02,Zubair,102354
2022-05-03,Zubair,91202
2022-05-04,Zubair,103363
2022-05-05,Zubair,110719
2022-05-06,Zubair,69250
2022-05-07,Zubair,117386
2022-05-08,Zubair,94956
2022-05-09,Zubair,106382
2022-05-10,Zubair,117958
2022-05-11,Zubair,79424
2022-05-12,Zubair,89358
2022-05-13,Zubair,95671
2022-05-14,Zubair,88243
2022-05-15,Zubair,126024
2022-05-16,Zubair,87148
2022-05-17,Zubair,91666
2022-05-18,Zubair,103065
2022-05-19,Zubair,81967
2022-05-20,Zubair,94064
2022-05-21,Zubair,104761
2022-05-22,Zubair,95007
2022-05-23,Zubair,98599
2022-05-24,Zubair,92060
2022-05-25,Zubair,77282
2022-05-26,Zubair,104823
2022-05-27,Zubair,126323
2022-05-28,Zubair,100276
2022-05-29,Zubair,103378
2022-05-30,Zubair,110390
2022-05-31,Zubair,80960
2022-06-01,Zubair,125537
2022-06-02,Zubair,103034
2022-06-03,Zubair,124477
2022-06-04,Zubair,89004
2022-06-05,Zubair,127270
2022-06-06,Zubair,111627
2022-06-07,Zubair,108295
2022-06-08,Zubair,103510
2022-06-09,Zubair,96272
2022-06-10,Zubair,118007
2022-06-11,Zubair,102105
2022-06-12,Zubair,70493
2022-06-13,Zubair,83242
2022-06-14,Zubair,97212
2022-06-15,Zubair,104649
2022-06-16,Zubair,99151
2022-06-17,Zubair,118284
2022-06-18,Zubair,70733
2022-06-19,Zubair,102153
2022-06-20,Zubair,72730
2022-06-21,Zubair,111395
2022-06-22,Zubair,98583
2022-06-23,Zubair,106294
2022-06-24,Zubair,87041
2022-06-25,Zubair,119191
2022-06-26,Zubair,115625
2022-06-27,Zubair,108753
2022-06-28,Zubair,98057
2022-06-29,Zubair,108697
2022-06-30,Zubair,89396
2022-07-01,Zubair,112833
2022-07-02,Zubair,124742
2022-07-03,Zubair,116059
2022-07-04,Zubair,89055
2022-07-05,Zubair,105421
2022-07-06,Zubair,80602
2022-07-07,Zubair,108585
2022-07-08,Zubair,106759
2022-07-09,Zubair,71952
2022-07-10,Zubair,82573
2022-07-11,Zubair,95752
2022-07-12,Zubair,95487
2022-07-13,Zubair,81857
2022-07-14,Zubair,105834
2022-07-15,Zubair,103772
2022-07-16,Zubair,97085
2022-07-17,Zubair,88663
2022-07-18,Zubair,115730
2022-07-19,Zubair,124831
2022-07-20,Zubair,92746
2022-07-21,Zubair,90817
2022-07-22,Zubair,107368
2022-07-23,Zubair,94629
2022-07-24,Zubair,97909
2022-07-25,Zubair,111094
2022-07-26,Zubair,71359
2022-07-27,Zubair,119774
2022-07-28,Zubair,101090
2022-07-29,Zubair,93827
2022-07-30,Zubair,98661
2022-07-31,Zubair,99436
2022-08-01,Zubair,74031
2022-08-02,Zubair,122424
2022-08-03,Zubair,100619
2022-08-04,Zubair,106645
2022-08-05,Zubair,114273
2022-08-06,Zubair,84682
2022-08-07,Zubair,107102
2022-08-08,Zubair,95985
2022-08-09,Zubair,112701
2022-08-10,Zubair,68091
2022-08-11,Zubair,98513
2022-08-12,Zubair,90957
2022-08-13,Zubair,106483
2022-08-14,Zubair,107050
2022-08-15,Zubair,89385
2022-08-16,Zubair,89317
2022-08-17,Zubair,98340
2022-08-18,Zubair,86550
2022-08-19,Zubair,112629
2022-08-20,Zubair,94461
2022-08-21,Zubair,56395
2022-08-22,Zubair,94377
2022-08-23,Zubair,84421
2022-08-24,Zubair,75530
2022-08-25,Zubair,81438
2022-08-26,Zubair,101641
2022-08-27,Zubair,119929
2022-08-28,Zubair,104697
2022-08-29,Zubair,90902
2022-08-30,Zubair,106838
2022-08-31,Zubair,93113
2022-09-01,Zubair,89580
2022-09-02,Zubair,82684
2022-09-03,Zubair,73722
2022-09-04,Zubair,94151
2022-09-05,Zubair,102370
2022-09-06,Zubair,98550
2022-09-07,Zubair,93760
2022-09-08,Zubair,85813
2022-09-09,Zubair,109123
2022-09-10,Zubair,80243
2022-09-11,Zubair,111640
2022-09-12,Zubair,84966
2022-09-13,Zubair,88713
2022-09-14,Zubair,77998
2022-09-15,Zubair,92478
2022-09-16,Zubair,114629
2022-09-17,Zubair,107734
2022-09-18,Zubair,114676
2022-09-19,Zubair,107832
2022-09-20,Zubair,83444
2022-09-21,Zubair,95038
2022-09-22,Zubair,88297
2022-09-23,Zubair,119958
2022-09-24,Zubair,82048
2022-09-25,Zubair,113405
2022-09-26,Zubair,113394
2022-09-27,Zubair,127444
2022-09-28,Zubair,93854
2022-09-29,Zubair,110684
2022-09-30,Zubair,134224
2022-10-01,Zubair,90735
2022-10-02,Zubair,76974
2022-10-03,Zubair,71799
2022-10-04,Zubair,110690
2022-10-05,Zubair,71752
2022-10-06,Zubair,94415
2022-10-07,Zubair,106559
2022-10-08,Zubair,102777
2022-10-09,Zubair,106381
2022-10-10,Zubair,103334
2022-10-11,Zubair,119182
2022-10-12,Zubair,85715
2022-10-13,Zubair,89845
2022-10-14,Zubair,88410
2022-10-15,Zubair,112452
2022-10-16,Zubair,113505
2022-10-17,Zubair,106768
2022-10-18,Zubair,117752
2022-10-19,Zubair,82329
2022-10-20,Zubair,125008
2022-10-21,Zubair,122848
2022-10-22,Zubair,111034
2022-10-23,Zubair,126726
2022-10-24,Zubair,75150
2022-10-25,Zubair,92133
2022-10-26,Zubair,88970
2022-10-27,Zubair,110822
2022-10-28,Zubair,84247
2022-10-29,Zubair,111362
2022-10-30,Zubair,120558
2022-10-31,Zubair,110428
2022-11-01,Zubair,104256
2022-11-02,Zubair,85181
2022-11-03,Zubair,87297
2022-11-04,Zubair,118744
2022-11-05,Zubair,111690
2022-11-06,Zubair,99414
2022-11-07,Zubair,93731
2022-11-08,Zubair,69612
2022-11-09,Zubair,83937
2022-11-10,Zubair,128671
2022-11-11,Zubair,80793
2022-11-12,Zubair,102842
2022-11-13,Zubair,115111
2022-11-14,Zubair,81176
2022-11-15,Zubair,102770
2022-11-16,Zubair,114068
2022-11-17,Zubair,100187
2022-11-18,Zubair,143026
2022-11-19,Zubair,74971
2022-11-20,Zubair,115880
2022-11-21,Zubair,97407
2022-11-22,Zubair,111578
2022-11-23,Zubair,106619
2022-11-24,Zubair,89002
2022-11-25,Zubair,103434
2022-11-26,Zubair,72131
2022-11-27,Zubair,109048
2022-11-28,Zubair,104472
2022-11-29,Zubair,109579
2022-11-30,Zubair,115871
2022-12-01,Zubair,105514
2022-12-02,Zubair,102221
2022-12-03,Zubair,86783
2022-12-04,Zubair,89316
2022-12-05,Zubair,117801
2022-12-06,Zubair,121545
2022-12-07,Zubair,96428
2022-12-08,Zubair,100690
2022-12-09,Zubair,86430
2022-12-10,Zubair,117591
2022-12-11,Zubair,109981
2022-12-12,Zubair,129118
2022-12-13,Zubair,86825
2022-12-14,Zubair,94329
2022-12-15,Zubair,103471
2022-12-16,Zubair,109697
2022-12-17,Zubair,96764
2022-12-18,Zubair,86905
2022-12-19,Zubair,113221
2022-12-20,Zubair,110817
2022-12-21,Zubair,86255
2022-12-22,Zubair,120331
2022-12-23,Zubair,117552
2022-12-24,Zubair,102014
2022-12-25,Zubair,101193
2022-12-26,Zubair,108310
2022-12-27,Zubair,87074
2022-12-28,Zubair,100450
2022-12-29,Zubair,67714
2022-12-30,Zubair,113146
2022-12-31,Zubair,76577
2023-01-01,Zubair,122551
2023-01-02,Zubair,95048
2023-01-03,Zubair,96824
2023-01-04,Zubair,90583
2023-01-05,Zubair,95679
2023-01-06,Zubair,121277
2023-01-07,Zubair,62682
2023-01-08,Zubair,119154
2023-01-09,Zubair,105070
2023-01-10,Zubair,81894
2023-01-11,Zubair,83870
2023-01-12,Zubair,125145
2023-01-13,Zubair,85817
2023-01-14,Zubair,82699
2023-01-15,Zubair,117059
2023-01-16,Zubair,105078
2023-01-17,Zubair,85931
2023-01-18,Zubair,103249
2023-01-19,Zubair,84613
2023-01-20,Zubair,116512
2023-01-21,Zubair,115920
2023-01-22,Zubair,107980
2023-01-23,Zubair,105424
2023-01-24,Zubair,126417
2023-01-25,Zubair,99995
2023-01-26,Zubair,82271
2023-01-27,Zubair,106742
2023-01-28,Zubair,131290
2023-01-29,Zubair,84778
2023-01-30,Zubair,94578
2023-01-31,Zubair,106246
2023-02-01,Zubair,99191
2023-02-02,Zubair,85265
2023-02-03,Zubair,116827
2023-02-04,Zubair,134800
2023-02-05,Zubair,102941
2023-02-06,Zubair,86438
2023-02-07,Zubair,76765
2023-02-08,Zubair,103869
2023-02-09,Zubair,116558
2023-02-10,Zubair,107127
2023-02-11,Zubair,99963
2023-02-12,Zubair,91160
2023-02-13,Zubair,83617
2023-02-14,Zubair,112521
2023-02-15,Zubair,113706
2023-02-16,Zubair,76814
2023-02-17,Zubair,123847
2023-02-18,Zubair,108611
2023-02-19,Zubair,120993
2023-02-20,Zubair,79868
2023-02-21,Zubair,79512
2023-02-22,Zubair,97765
2023-02-23,Zubair,107541
2023-02-24,Zubair,126945
2023-02-25,Zubair,110591
2023-02-26,Zubair,96359
2023-02-27,Zubair,84604
2023-02-28,Zubair,118450
2023-03-01,Zubair,85529
2023-03-02,Zubair,124427
2023-03-03,Zubair,95734
2023-03-04,Zubair,123858
2023-03-05,Zubair,110183
2023-03-06,Zubair,97945
2023-03-07,Zubair,92209
2023-03-08,Zubair,94886
2023-03-09,Zubair,106424
2023-03-10,Zubair,101157
2023-03-11,Zubair,91092
2023-03-12,Zubair,97515
2023-03-13,Zubair,101178
2023-03-14,Zubair,68068
2023-03-15,Zubair,106872
2023-03-16,Zubair,85304
2023-03-17,Zubair,82700
2023-03-18,Zubair,74689
2023-03-19,Zubair,73091
2023-03-20,Zubair,79668
2023-03-21,Zubair,89364
2023-03-22,Zubair,129298
2023-03-23,Zubair,92111
2023-03-24,Zubair,102666
2023-03-25,Zubair,106007
2023-03-26,Zubair,101965
2023-03-27,Zubair,98838
2023-03-28,Zubair,82070
2023-03-29,Zubair,121763
2023-03-30,Zubair,127107
2023-03-31,Zubair,74760
2023-04-01,Zubair,84639
2023-04-02,Zubair,95802
2023-04-03,Zubair,85531
2023-04-04,Zubair,107589
2023-04-05,Zubair,89075
2023-04-06,Zubair,132475
2023-04-07,Zubair,117858
2023-04-08,Zubair,103188
2023-04-09,Zubair,115404
2023-04-10,Zubair,116588
2023-04-11,Zubair,91540
2023-04-12,Zubair,87756
2023-04-13,Zubair,101172
2023-04-14,Zubair,112924
2023-04-15,Zubair,102085
2023-04-16,Zubair,76345
2023-04-17,Zubair,87957
2023-04-18,Zubair,98890
2023-04-19,Zubair,98865
2023-04-20,Zubair,129588
2023-04-21,Zubair,79210
2023-04-22,Zubair,107583
2023-04-23,Zubair,122336
2023-04-24,Zubair,134071
2023-04-25,Zubair,93934
2023-04-26,Zubair,107371
2023-04-27,Zubair,108546
2023-04-28,Zubair,102932
2023-04-29,Zubair,98517
2023-04-30,Zubair,106539
2023-05-01,Zubair,62016
2023-05-02,Zubair,110231
2023-05-03,Zubair,101892
2023-05-04,Zubair,96662
2023-05-05,Zubair,130702
2023-05-06,Zubair,89875
2023-05-07,Zubair,93953
2023-05-08,Zubair,129873
2023-05-09,Zubair,87519
2023-05-10,Zubair,91748
2023-05-11,Zubair,97794
2023-05-12,Zubair,112611
2023-05-13,Zubair,103117
2023-05-14,Zubair,80610
2023-05-15,Zubair,92017
2023-05-16,Zubair,90889
2023-05-17,Zubair,98841
2023-05-18,Zubair,106387
2023-05-19,Zubair,106273
2023-05-20,Zubair,73359
2023-05-21,Zubair,115959
2023-05-22,Zubair,103788
2023-05-23,Zubair,120767
2023-05-24,Zubair,106662
2023-05-25,Zubair,116519
2023-05-26,Zubair,106998
2023-05-27,Zubair,120193
2023-05-28,Zubair,107833
2023-05-29,Zubair,98531
2023-05-30,Zubair,134086
2023-05-31,Zubair,113335
2023-06-01,Zubair,108606
2023-06-02,Zubair,80855
2023-06-03,Zubair,80675
2023-06-04,Zubair,104390
2023-06-05,Zubair,102182
2023-06-06,Zubair,90788
2023-06-07,Zubair,102114
2023-06-08,Zubair,123829
2023-06-09,Zubair,110431
2023-06-10,Zubair,82884
2023-06-11,Zubair,98327
2023-06-12,Zubair,87925
2023-06-13,Zubair,94184
2023-06-14,Zubair,93795
2023-06-15,Zubair,92835
2023-06-16,Zubair,81172
2023-06-17,Zubair,98085
2023-06-18,Zubair,91590
2023-06-19,Zubair,56058
2023-06-20,Zubair,130794
2023-06-21,Zubair,116331
2023-06-22,Zubair,94355
2023-06-23,Zubair,100282
2023-06-24,Zubair,82425
2023-06-25,Zubair,125435
2023-06-26,Zubair,128459
2023-06-27,Zubair,102350
2023-06-28,Zubair,115352
2023-06-29,Zubair,102629
2023-06-30,Zubair,79949
2023-07-01,Zubair,93822
2023-07-02,Zubair,101978
2023-07-03,Zubair,93181
2023-07-04,Zubair,96720
2023-07-05,Zubair,98629
2023-07-06,Zubair,98786
2023-07-07,Zubair,100783
2023-07-08,Zubair,84090
2023-07-09,Zubair,89244
2023-07-10,Zubair,80731
2023-07-11,Zubair,114667
2023-07-12,Zubair,68415
2023-07-13,Zubair,117303
2023-07-14,Zubair,120795
2023-07-15,Zubair,95467
2023-07-16,Zubair,60952
2023-07-17,Zubair,94580
2023-07-18,Zubair,99037
2023-07-19,Zubair,84841
2023-07-20,Zubair,92271
2023-07-21,Zubair,122952
2023-07-22,Zubair,109973
2023-07-23,Zubair,86131
2023-07-24,Zubair,76036
2023-07-25,Zubair,95094
2023-07-26,Zubair,96798
2023-07-27,Zubair,107442
2023-07-28,Zubair,91970
2023-07-29,Zubair,107672
2023-07-30,Zubair,129027
2023-07-31,Zubair,112232
2023-08-01,Zubair,99278
2023-08-02,Zubair,97252
2023-08-03,Zubair,94649
2023-08-04,Zubair,117709
2023-08-05,Zubair,90590
2023-08-06,Zubair,100678
2023-08-07,Zubair,100767
2023-08-08,Zubair,92473
2023-08-09,Zubair,79413
2023-08-10,Zubair,104844
2023-08-11,Zubair,99084
2023-08-12,Zubair,107503
2023-08-13,Zubair,91995
2023-08-14,Zubair,118312
2023-08-15,Zubair,86848
2023-08-16,Zubair,125680
2023-08-17,Zubair,73785
2023-08-18,Zubair,106521
2023-08-19,Zubair,107131
2023-08-20,Zubair,88066
2023-08-21,Zubair,106365
2023-08-22,Zubair,119192
2023-08-23,Zubair,66747
2023-08-24,Zubair,107541
2023-08-25,Zubair,62600
2023-08-26,Zubair,85515
2023-08-27,Zubair,124437
2023-08-28,Zubair,91273
2023-08-29,Zubair,82391
2023-08-30,Zubair,97030
2023-08-31,Zubair,131018
2023-09-01,Zubair,72524
2023-09-02,Zubair,84230
2023-09-03,Zubair,122461
2023-09-04,Zubair,127865
2023-09-05,Zubair,98448
2023-09-06,Zubair,81414
2023-09-07,Zubair,131437
2023-09-08,Zubair,123916
2023-09-09,Zubair,110184
2023-09-10,Zubair,87813
2023-09-11,Zubair,99264
2023-09-12,Zubair,97594
2023-09-13,Zubair,104962
2023-09-14,Zubair,121765
2023-09-15,Zubair,113191
2023-09-16,Zubair,83839
2023-09-17,Zubair,120647
2023-09-18,Zubair,104696
2023-09-19,Zubair,110305
2023-09-20,Zubair,121998
2023-09-21,Zubair,83326
2023-09-22,Zubair,99462
2023-09-23,Zubair,92028
2023-09-24,Zubair,76482
2023-09-25,Zubair,105200
2023-09-26,Zubair,137673
2023-09-27,Zubair,72398
2023-09-28,Zubair,99515
2023-09-29,Zubair,109608
2023-09-30,Zubair,101846
2023-10-01,Zubair,98303
2023-10-02,Zubair,80511
2023-10-03,Zubair,103491
2023-10-04,Zubair,88648
2023-10-05,Zubair,67151
2023-10-06,Zubair,117918
2023-10-07,Zubair,114375
2023-10-08,Zubair,100774
2023-10-09,Zubair,103436
2023-10-10,Zubair,116114
2023-10-11,Zubair,103365
2023-10-12,Zubair,113560
2023-10-13,Zubair,95537
2023-10-14,Zubair,119679
2023-10-15,Zubair,104811
2023-10-16,Zubair,102910
2023-10-17,Zubair,80949
2023-10-18,Zubair,104304
2023-10-19,Zubair,87520
2023-10-20,Zubair,90425
2023-10-21,Zubair,87769
2023-10-22,Zubair,84006
2023-10-23,Zubair,131871
2023-10-24,Zubair,119970
2023-10-25,Zubair,128805
2023-10-26,Zubair,81656
2023-10-27,Zubair,101068
2023-10-28,Zubair,80597
2023-10-29,Zubair,89564
2023-10-30,Zubair,86228
2023-10-31,Zubair,118593
2023-11-01,Zubair,94056
2023-11-02,Zubair,116025
2023-11-03,Zubair,109061
2023-11-04,Zubair,134554
2023-11-05,Zubair,77808
2023-11-06,Zubair,118888
2023-11-07,Zubair,117196
2023-11-08,Zubair,85399
2023-11-09,Zubair,115107
2023-11-10,Zubair,105042
2023-11-11,Zubair,96587
2023-11-12,Zubair,87640
2023-11-13,Zubair,89213
2023-11-14,Zubair,130747
2023-11-15,Zubair,100010
2023-11-16,Zubair,111731
2023-11-17,Zubair,88136
2023-11-18,Zubair,88302
2023-11-19,Zubair,116229
2023-11-20,Zubair,79756
2023-11-21,Zubair,93771
2023-11-22,Zubair,100510
2023-11-23,Zubair,101670
2023-11-24,Zubair,97313
2023-11-25,Zubair,105937
2023-11-26,Zubair,110392
2023-11-27,Zubair,111019
2023-11-28,Zubair,85212
2023-11-29,Zubair,95737
2023-11-30,Zubair,117921
2023-12-01,Zubair,113419
2023-12-02,Zubair,79407
2023-12-03,Zubair,105272
2023-12-04,Zubair,70326
2023-12-05,Zubair,100704
2023-12-06,Zubair,128466
2023-12-07,Zubair,85781
2023-12-08,Zubair,87485
2023-12-09,Zubair,111460
2023-12-10,Zubair,76857
2023-12-11,Zubair,90508
2023-12-12,Zubair,108946
2023-12-13,Zubair,90485
2023-12-14,Zubair,96460
2023-12-15,Zubair,111162
2023-12-16,Zubair,106323
2023-12-17,Zubair,104002
2023-12-18,Zubair,94913
2023-12-19,Zubair,105550
2023-12-20,Zubair,98144
2023-12-21,Zubair,106867
2023-12-22,Zubair,92546
2023-12-23,Zubair,97261
2023-12-24,Zubair,85150
2023-12-25,Zubair,99474
2023-12-26,Zubair,87834
2023-12-27,Zubair,83289
2023-12-28,Zubair,103879
2023-12-29,Zubair,103191
2023-12-30,Zubair,111743
2023-12-31,Zubair,93533
